,llm_prior,llm_comma_care,llm_data,llm_data_care,llm_grammar_importance
No,0.4408909417361446,,0.9090851644225083,,
Yes,0.5591090582638553,,0.09091483557749166,,
A lot,,0.016225103362704222,,0.006504669820636711,
Not at all,,0.005825229126248719,,0.10069635207344516,
Not much,,0.24463265562915557,,0.8825197826095684,
Some,,0.7333170118818916,,0.010279195496348604,
Somewhat important,,,,,0.07987852071864049
Very important,,,,,0.9201214792813595
