source_file,player_id,question_id,letter,category,round_idx,answer_raw,answer_norm,valid,collision,score,round_key
part3_selfplay_outputs/self_obscure_20_qwen_Player_1_Obscure.csv,self_obscure_20_qwen_Player_1_Obscure,Q001,A,Animals,0,Axolotl,axolotl,1,0,1,Q001::0
part3_selfplay_outputs/self_obscure_20_qwen_Player_1_Obscure.csv,self_obscure_20_qwen_Player_1_Obscure,Q001,A,Animals,1,Axolotl,axolotl,1,0,1,Q001::1
part3_selfplay_outputs/self_obscure_20_qwen_Player_1_Obscure.csv,self_obscure_20_qwen_Player_1_Obscure,Q001,A,Animals,2,Albino Alligator Snake,albino alligator snake,0,0,0,Q001::2
part3_selfplay_outputs/self_obscure_20_qwen_Player_1_Obscure.csv,self_obscure_20_qwen_Player_1_Obscure,Q001,A,Animals,3,Aardvark,aardvark,1,1,0,Q001::3
part3_selfplay_outputs/self_obscure_20_qwen_Player_1_Obscure.csv,self_obscure_20_qwen_Player_1_Obscure,Q001,A,Animals,4,Axolotl,axolotl,1,0,1,Q001::4
part3_selfplay_outputs/self_obscure_20_qwen_Player_1_Obscure.csv,self_obscure_20_qwen_Player_1_Obscure,Q002,A,Jobs,0,Archivist,archivist,1,0,1,Q002::0
part3_selfplay_outputs/self_obscure_20_qwen_Player_1_Obscure.csv,self_obscure_20_qwen_Player_1_Obscure,Q002,A,Jobs,1,Alveolar surgeon,alveolar surgeon,0,0,0,Q002::1
part3_selfplay_outputs/self_obscure_20_qwen_Player_1_Obscure.csv,self_obscure_20_qwen_Player_1_Obscure,Q002,A,Jobs,2,Ammunition Designer,ammunition designer,0,0,0,Q002::2
part3_selfplay_outputs/self_obscure_20_qwen_Player_1_Obscure.csv,self_obscure_20_qwen_Player_1_Obscure,Q002,A,Jobs,3,Alchemist,alchemist,1,0,1,Q002::3
part3_selfplay_outputs/self_obscure_20_qwen_Player_1_Obscure.csv,self_obscure_20_qwen_Player_1_Obscure,Q002,A,Jobs,4,Alehouse Keeper,alehouse keeper,0,0,0,Q002::4
part3_selfplay_outputs/self_obscure_20_qwen_Player_1_Obscure.csv,self_obscure_20_qwen_Player_1_Obscure,Q003,B,Fruits,0,Bacuri,bacuri,1,1,0,Q003::0
part3_selfplay_outputs/self_obscure_20_qwen_Player_1_Obscure.csv,self_obscure_20_qwen_Player_1_Obscure,Q003,B,Fruits,1,Bacuri,bacuri,1,0,1,Q003::1
part3_selfplay_outputs/self_obscure_20_qwen_Player_1_Obscure.csv,self_obscure_20_qwen_Player_1_Obscure,Q003,B,Fruits,2,Bacaba,bacaba,0,0,0,Q003::2
part3_selfplay_outputs/self_obscure_20_qwen_Player_1_Obscure.csv,self_obscure_20_qwen_Player_1_Obscure,Q003,B,Fruits,3,Bacurico,bacurico,0,0,0,Q003::3
part3_selfplay_outputs/self_obscure_20_qwen_Player_1_Obscure.csv,self_obscure_20_qwen_Player_1_Obscure,Q003,B,Fruits,4,Bacuri,bacuri,1,0,1,Q003::4
part3_selfplay_outputs/self_obscure_20_qwen_Player_1_Obscure.csv,self_obscure_20_qwen_Player_1_Obscure,Q004,B,Things that are red,0,Bloodroot flower,bloodroot flower,1,0,1,Q004::0
part3_selfplay_outputs/self_obscure_20_qwen_Player_1_Obscure.csv,self_obscure_20_qwen_Player_1_Obscure,Q004,B,Things that are red,1,Blood-orange,blood-orange,1,0,1,Q004::1
part3_selfplay_outputs/self_obscure_20_qwen_Player_1_Obscure.csv,self_obscure_20_qwen_Player_1_Obscure,Q004,B,Things that are red,2,Bloodberry,bloodberry,0,0,0,Q004::2
part3_selfplay_outputs/self_obscure_20_qwen_Player_1_Obscure.csv,self_obscure_20_qwen_Player_1_Obscure,Q004,B,Things that are red,3,Bloodroot flower,bloodroot flower,1,0,1,Q004::3
part3_selfplay_outputs/self_obscure_20_qwen_Player_1_Obscure.csv,self_obscure_20_qwen_Player_1_Obscure,Q004,B,Things that are red,4,Bloodstone,bloodstone,0,0,0,Q004::4
part3_selfplay_outputs/self_obscure_20_qwen_Player_1_Obscure.csv,self_obscure_20_qwen_Player_1_Obscure,Q005,C,Countries,0,Comoros,comoros,1,0,1,Q005::0
part3_selfplay_outputs/self_obscure_20_qwen_Player_1_Obscure.csv,self_obscure_20_qwen_Player_1_Obscure,Q005,C,Countries,1,Clunia,clunia,0,0,0,Q005::1
part3_selfplay_outputs/self_obscure_20_qwen_Player_1_Obscure.csv,self_obscure_20_qwen_Player_1_Obscure,Q005,C,Countries,2,Comoros,comoros,1,0,1,Q005::2
part3_selfplay_outputs/self_obscure_20_qwen_Player_1_Obscure.csv,self_obscure_20_qwen_Player_1_Obscure,Q005,C,Countries,3,Cyclones,cyclones,0,0,0,Q005::3
part3_selfplay_outputs/self_obscure_20_qwen_Player_1_Obscure.csv,self_obscure_20_qwen_Player_1_Obscure,Q005,C,Countries,4,Cocos (Keeling) Islands,cocos (keeling) islands,1,0,1,Q005::4
part3_selfplay_outputs/self_obscure_20_qwen_Player_1_Obscure.csv,self_obscure_20_qwen_Player_1_Obscure,Q006,C,Board games,0,Cryptogrammadon,cryptogrammadon,0,0,0,Q006::0
part3_selfplay_outputs/self_obscure_20_qwen_Player_1_Obscure.csv,self_obscure_20_qwen_Player_1_Obscure,Q006,C,Board games,1,Crystal Maze Championship,crystal maze championship,0,0,0,Q006::1
part3_selfplay_outputs/self_obscure_20_qwen_Player_1_Obscure.csv,self_obscure_20_qwen_Player_1_Obscure,Q006,C,Board games,2,Cthulhu Mysteries,cthulhu mysteries,0,0,0,Q006::2
part3_selfplay_outputs/self_obscure_20_qwen_Player_1_Obscure.csv,self_obscure_20_qwen_Player_1_Obscure,Q006,C,Board games,3,Chessboxxes,chessboxxes,0,0,0,Q006::3
part3_selfplay_outputs/self_obscure_20_qwen_Player_1_Obscure.csv,self_obscure_20_qwen_Player_1_Obscure,Q006,C,Board games,4,Cthulhu Camping,cthulhu camping,0,0,0,Q006::4
part3_selfplay_outputs/self_obscure_20_qwen_Player_1_Obscure.csv,self_obscure_20_qwen_Player_1_Obscure,Q007,D,Musical instruments,0,Didgeridoo,didgeridoo,1,1,0,Q007::0
part3_selfplay_outputs/self_obscure_20_qwen_Player_1_Obscure.csv,self_obscure_20_qwen_Player_1_Obscure,Q007,D,Musical instruments,1,Dulcimer,dulcimer,1,0,1,Q007::1
part3_selfplay_outputs/self_obscure_20_qwen_Player_1_Obscure.csv,self_obscure_20_qwen_Player_1_Obscure,Q007,D,Musical instruments,2,Didgeridoo,didgeridoo,1,0,1,Q007::2
part3_selfplay_outputs/self_obscure_20_qwen_Player_1_Obscure.csv,self_obscure_20_qwen_Player_1_Obscure,Q007,D,Musical instruments,3,Didgeridoo,didgeridoo,1,1,0,Q007::3
part3_selfplay_outputs/self_obscure_20_qwen_Player_1_Obscure.csv,self_obscure_20_qwen_Player_1_Obscure,Q007,D,Musical instruments,4,Didgeridoo,didgeridoo,1,0,1,Q007::4
part3_selfplay_outputs/self_obscure_20_qwen_Player_1_Obscure.csv,self_obscure_20_qwen_Player_1_Obscure,Q008,D,Things in a bathroom,0,Dalandan soap,dalandan soap,0,0,0,Q008::0
part3_selfplay_outputs/self_obscure_20_qwen_Player_1_Obscure.csv,self_obscure_20_qwen_Player_1_Obscure,Q008,D,Things in a bathroom,1,Doily,doily,0,0,0,Q008::1
part3_selfplay_outputs/self_obscure_20_qwen_Player_1_Obscure.csv,self_obscure_20_qwen_Player_1_Obscure,Q008,D,Things in a bathroom,2,Durian sponge,durian sponge,0,0,0,Q008::2
part3_selfplay_outputs/self_obscure_20_qwen_Player_1_Obscure.csv,self_obscure_20_qwen_Player_1_Obscure,Q008,D,Things in a bathroom,3,Durian soap,durian soap,0,0,0,Q008::3
part3_selfplay_outputs/self_obscure_20_qwen_Player_1_Obscure.csv,self_obscure_20_qwen_Player_1_Obscure,Q008,D,Things in a bathroom,4,dishdrainer,dishdrainer,0,0,0,Q008::4
part3_selfplay_outputs/self_obscure_20_qwen_Player_1_Obscure.csv,self_obscure_20_qwen_Player_1_Obscure,Q009,E,Sports,0,Equestrianismo,equestrianismo,0,0,0,Q009::0
part3_selfplay_outputs/self_obscure_20_qwen_Player_1_Obscure.csv,self_obscure_20_qwen_Player_1_Obscure,Q009,E,Sports,1,Equestrian wrestling,equestrian wrestling,0,0,0,Q009::1
part3_selfplay_outputs/self_obscure_20_qwen_Player_1_Obscure.csv,self_obscure_20_qwen_Player_1_Obscure,Q009,E,Sports,2,Equestrianvaulting,equestrianvaulting,0,0,0,Q009::2
part3_selfplay_outputs/self_obscure_20_qwen_Player_1_Obscure.csv,self_obscure_20_qwen_Player_1_Obscure,Q009,E,Sports,3,Equestrian Endurance Racing,equestrian endurance racing,1,0,1,Q009::3
part3_selfplay_outputs/self_obscure_20_qwen_Player_1_Obscure.csv,self_obscure_20_qwen_Player_1_Obscure,Q009,E,Sports,4,Echidna wrestling,echidna wrestling,0,0,0,Q009::4
part3_selfplay_outputs/self_obscure_20_qwen_Player_1_Obscure.csv,self_obscure_20_qwen_Player_1_Obscure,Q010,E,Movie titles,0,Eonoikasia,eonoikasia,0,0,0,Q010::0
part3_selfplay_outputs/self_obscure_20_qwen_Player_1_Obscure.csv,self_obscure_20_qwen_Player_1_Obscure,Q010,E,Movie titles,1,Entrapment,entrapment,1,0,1,Q010::1
part3_selfplay_outputs/self_obscure_20_qwen_Player_1_Obscure.csv,self_obscure_20_qwen_Player_1_Obscure,Q010,E,Movie titles,2,Eidetic,eidetic,0,0,0,Q010::2
part3_selfplay_outputs/self_obscure_20_qwen_Player_1_Obscure.csv,self_obscure_20_qwen_Player_1_Obscure,Q010,E,Movie titles,3,Eden Express,eden express,0,0,0,Q010::3
part3_selfplay_outputs/self_obscure_20_qwen_Player_1_Obscure.csv,self_obscure_20_qwen_Player_1_Obscure,Q010,E,Movie titles,4,Excalibur,excalibur,1,0,1,Q010::4
part3_selfplay_outputs/self_obscure_20_qwen_Player_1_Obscure.csv,self_obscure_20_qwen_Player_1_Obscure,Q011,F,Fish,0,Floridichthys:majesticus,floridichthys:majesticus,0,0,0,Q011::0
part3_selfplay_outputs/self_obscure_20_qwen_Player_1_Obscure.csv,self_obscure_20_qwen_Player_1_Obscure,Q011,F,Fish,1,Fimbriasaurus,fimbriasaurus,0,0,0,Q011::1
part3_selfplay_outputs/self_obscure_20_qwen_Player_1_Obscure.csv,self_obscure_20_qwen_Player_1_Obscure,Q011,F,Fish,2,Flaccid Fish Frog,flaccid fish frog,0,0,0,Q011::2
part3_selfplay_outputs/self_obscure_20_qwen_Player_1_Obscure.csv,self_obscure_20_qwen_Player_1_Obscure,Q011,F,Fish,3,Flabbygar包袱鱼（注：此为玩笑性虚构词，实际,flabbygar,0,0,0,Q011::3
part3_selfplay_outputs/self_obscure_20_qwen_Player_1_Obscure.csv,self_obscure_20_qwen_Player_1_Obscure,Q011,F,Fish,4,Flabbyblin,flabbyblin,0,0,0,Q011::4
part3_selfplay_outputs/self_obscure_20_qwen_Player_1_Obscure.csv,self_obscure_20_qwen_Player_1_Obscure,Q012,F,Things in a backpack,0,fredlys breathe conditioner,fredlys breathe conditioner,0,0,0,Q012::0
part3_selfplay_outputs/self_obscure_20_qwen_Player_1_Obscure.csv,self_obscure_20_qwen_Player_1_Obscure,Q012,F,Things in a backpack,1,feather pen,feather pen,1,0,1,Q012::1
part3_selfplay_outputs/self_obscure_20_qwen_Player_1_Obscure.csv,self_obscure_20_qwen_Player_1_Obscure,Q012,F,Things in a backpack,2,Felt-tip fountain pen,felt-tip fountain pen,0,0,0,Q012::2
part3_selfplay_outputs/self_obscure_20_qwen_Player_1_Obscure.csv,self_obscure_20_qwen_Player_1_Obscure,Q012,F,Things in a backpack,3,Fugue,fugue,0,0,0,Q012::3
part3_selfplay_outputs/self_obscure_20_qwen_Player_1_Obscure.csv,self_obscure_20_qwen_Player_1_Obscure,Q012,F,Things in a backpack,4,fatwa,fatwa,0,0,0,Q012::4
part3_selfplay_outputs/self_obscure_20_qwen_Player_1_Obscure.csv,self_obscure_20_qwen_Player_1_Obscure,Q013,G,U.S. states,0,Georgia Gulf Stateskich Islands,georgia gulf stateskich islands,0,0,0,Q013::0
part3_selfplay_outputs/self_obscure_20_qwen_Player_1_Obscure.csv,self_obscure_20_qwen_Player_1_Obscure,Q013,G,U.S. states,1,Guam,guam,0,0,0,Q013::1
part3_selfplay_outputs/self_obscure_20_qwen_Player_1_Obscure.csv,self_obscure_20_qwen_Player_1_Obscure,Q013,G,U.S. states,2,Georgia Gazetteudes,georgia gazetteudes,0,0,0,Q013::2
part3_selfplay_outputs/self_obscure_20_qwen_Player_1_Obscure.csv,self_obscure_20_qwen_Player_1_Obscure,Q013,G,U.S. states,3,Georgia Gazetteetta,georgia gazetteetta,0,0,0,Q013::3
part3_selfplay_outputs/self_obscure_20_qwen_Player_1_Obscure.csv,self_obscure_20_qwen_Player_1_Obscure,Q013,G,U.S. states,4,Guam,guam,0,0,0,Q013::4
part3_selfplay_outputs/self_obscure_20_qwen_Player_1_Obscure.csv,self_obscure_20_qwen_Player_1_Obscure,Q014,G,Foods,0,Gelatinous worm gordian knot glazed,gelatinous worm gordian knot glazed,0,0,0,Q014::0
part3_selfplay_outputs/self_obscure_20_qwen_Player_1_Obscure.csv,self_obscure_20_qwen_Player_1_Obscure,Q014,G,Foods,1,Gambas Pil-Pil,gambas pil-pil,1,0,1,Q014::1
part3_selfplay_outputs/self_obscure_20_qwen_Player_1_Obscure.csv,self_obscure_20_qwen_Player_1_Obscure,Q014,G,Foods,2,Gumption,gumption,0,0,0,Q014::2
part3_selfplay_outputs/self_obscure_20_qwen_Player_1_Obscure.csv,self_obscure_20_qwen_Player_1_Obscure,Q014,G,Foods,3,Gromwell root茶,gromwell root,0,0,0,Q014::3
part3_selfplay_outputs/self_obscure_20_qwen_Player_1_Obscure.csv,self_obscure_20_qwen_Player_1_Obscure,Q014,G,Foods,4,Geldibeli,geldibeli,0,0,0,Q014::4
part3_selfplay_outputs/self_obscure_20_qwen_Player_1_Obscure.csv,self_obscure_20_qwen_Player_1_Obscure,Q015,H,Famous scientists,0,Henrietta Howers霍尔斯,henrietta howers,0,0,0,Q015::0
part3_selfplay_outputs/self_obscure_20_qwen_Player_1_Obscure.csv,self_obscure_20_qwen_Player_1_Obscure,Q015,H,Famous scientists,1,Henrietta Swan Leavitt,henrietta swan leavitt,1,0,1,Q015::1
part3_selfplay_outputs/self_obscure_20_qwen_Player_1_Obscure.csv,self_obscure_20_qwen_Player_1_Obscure,Q015,H,Famous scientists,2,Henrietta Lacks,henrietta lacks,0,0,0,Q015::2
part3_selfplay_outputs/self_obscure_20_qwen_Player_1_Obscure.csv,self_obscure_20_qwen_Player_1_Obscure,Q015,H,Famous scientists,3,Henrietta Leavitt,henrietta leavitt,1,0,1,Q015::3
part3_selfplay_outputs/self_obscure_20_qwen_Player_1_Obscure.csv,self_obscure_20_qwen_Player_1_Obscure,Q015,H,Famous scientists,4,Henrietta King,henrietta king,0,0,0,Q015::4
part3_selfplay_outputs/self_obscure_20_qwen_Player_1_Obscure.csv,self_obscure_20_qwen_Player_1_Obscure,Q016,H,Things at the beach,0,Hurricane lantern holder,hurricane lantern holder,0,0,0,Q016::0
part3_selfplay_outputs/self_obscure_20_qwen_Player_1_Obscure.csv,self_obscure_20_qwen_Player_1_Obscure,Q016,H,Things at the beach,1,Hammerhead seaweed,hammerhead seaweed,0,0,0,Q016::1
part3_selfplay_outputs/self_obscure_20_qwen_Player_1_Obscure.csv,self_obscure_20_qwen_Player_1_Obscure,Q016,H,Things at the beach,2,Heliotrope,heliotrope,0,0,0,Q016::2
part3_selfplay_outputs/self_obscure_20_qwen_Player_1_Obscure.csv,self_obscure_20_qwen_Player_1_Obscure,Q016,H,Things at the beach,3,海螺,,0,0,0,Q016::3
part3_selfplay_outputs/self_obscure_20_qwen_Player_1_Obscure.csv,self_obscure_20_qwen_Player_1_Obscure,Q016,H,Things at the beach,4,Horseshoe crab,horseshoe crab,1,1,0,Q016::4
part3_selfplay_outputs/self_obscure_20_qwen_Player_1_Obscure.csv,self_obscure_20_qwen_Player_1_Obscure,Q017,I,Cities,0,Iwo Jimi,iwo jimi,0,0,0,Q017::0
part3_selfplay_outputs/self_obscure_20_qwen_Player_1_Obscure.csv,self_obscure_20_qwen_Player_1_Obscure,Q017,I,Cities,1,Ixtlan del Rio,ixtlan del rio,1,0,1,Q017::1
part3_selfplay_outputs/self_obscure_20_qwen_Player_1_Obscure.csv,self_obscure_20_qwen_Player_1_Obscure,Q017,I,Cities,2,Iwaten,iwaten,0,0,0,Q017::2
part3_selfplay_outputs/self_obscure_20_qwen_Player_1_Obscure.csv,self_obscure_20_qwen_Player_1_Obscure,Q017,I,Cities,3,Iguazu,iguazu,0,0,0,Q017::3
part3_selfplay_outputs/self_obscure_20_qwen_Player_1_Obscure.csv,self_obscure_20_qwen_Player_1_Obscure,Q017,I,Cities,4,Iquique,iquique,1,0,1,Q017::4
part3_selfplay_outputs/self_obscure_20_qwen_Player_1_Obscure.csv,self_obscure_20_qwen_Player_1_Obscure,Q018,I,Things in a classroom,0,Interactive inertia indicator,interactive inertia indicator,0,0,0,Q018::0
part3_selfplay_outputs/self_obscure_20_qwen_Player_1_Obscure.csv,self_obscure_20_qwen_Player_1_Obscure,Q018,I,Things in a classroom,1,Ivory Tower Model,ivory tower model,0,0,0,Q018::1
part3_selfplay_outputs/self_obscure_20_qwen_Player_1_Obscure.csv,self_obscure_20_qwen_Player_1_Obscure,Q018,I,Things in a classroom,2,Intercomspeaker,intercomspeaker,0,0,0,Q018::2
part3_selfplay_outputs/self_obscure_20_qwen_Player_1_Obscure.csv,self_obscure_20_qwen_Player_1_Obscure,Q018,I,Things in a classroom,3,Indoor滑板,indoor,0,0,0,Q018::3
part3_selfplay_outputs/self_obscure_20_qwen_Player_1_Obscure.csv,self_obscure_20_qwen_Player_1_Obscure,Q018,I,Things in a classroom,4,Iodineitizer,iodineitizer,0,0,0,Q018::4
part3_selfplay_outputs/self_obscure_20_qwen_Player_1_Obscure.csv,self_obscure_20_qwen_Player_1_Obscure,Q019,J,Car brands,0,Jensen Motor Company,jensen motor company,1,0,1,Q019::0
part3_selfplay_outputs/self_obscure_20_qwen_Player_1_Obscure.csv,self_obscure_20_qwen_Player_1_Obscure,Q019,J,Car brands,1,Jaguar,jaguar,1,1,0,Q019::1
part3_selfplay_outputs/self_obscure_20_qwen_Player_1_Obscure.csv,self_obscure_20_qwen_Player_1_Obscure,Q019,J,Car brands,2,Jensen,jensen,1,0,1,Q019::2
part3_selfplay_outputs/self_obscure_20_qwen_Player_1_Obscure.csv,self_obscure_20_qwen_Player_1_Obscure,Q019,J,Car brands,3,Jaguar,jaguar,1,1,0,Q019::3
part3_selfplay_outputs/self_obscure_20_qwen_Player_1_Obscure.csv,self_obscure_20_qwen_Player_1_Obscure,Q019,J,Car brands,4,Jaguar,jaguar,1,1,0,Q019::4
part3_selfplay_outputs/self_obscure_20_qwen_Player_1_Obscure.csv,self_obscure_20_qwen_Player_1_Obscure,Q020,J,Video game titles,0,Jossip,jossip,0,0,0,Q020::0
part3_selfplay_outputs/self_obscure_20_qwen_Player_1_Obscure.csv,self_obscure_20_qwen_Player_1_Obscure,Q020,J,Video game titles,1,Jaws of Victory Mortal Kombat,jaws of victory mortal kombat,0,0,0,Q020::1
part3_selfplay_outputs/self_obscure_20_qwen_Player_1_Obscure.csv,self_obscure_20_qwen_Player_1_Obscure,Q020,J,Video game titles,2,Juggalo Heaven,juggalo heaven,0,0,0,Q020::2
part3_selfplay_outputs/self_obscure_20_qwen_Player_1_Obscure.csv,self_obscure_20_qwen_Player_1_Obscure,Q020,J,Video game titles,3,Jewel Seize,jewel seize,0,0,0,Q020::3
part3_selfplay_outputs/self_obscure_20_qwen_Player_1_Obscure.csv,self_obscure_20_qwen_Player_1_Obscure,Q020,J,Video game titles,4,Jade Empyrean,jade empyrean,0,0,0,Q020::4
part3_selfplay_outputs/self_obscure_20_qwen_Player_1_Obscure.csv,self_obscure_20_qwen_Player_1_Obscure,Q021,K,Superheroes,0,Kolossus,kolossus,0,0,0,Q021::0
part3_selfplay_outputs/self_obscure_20_qwen_Player_1_Obscure.csv,self_obscure_20_qwen_Player_1_Obscure,Q021,K,Superheroes,1,Krypto,krypto,1,0,1,Q021::1
part3_selfplay_outputs/self_obscure_20_qwen_Player_1_Obscure.csv,self_obscure_20_qwen_Player_1_Obscure,Q021,K,Superheroes,2,Kylun Kahn,kylun kahn,0,0,0,Q021::2
part3_selfplay_outputs/self_obscure_20_qwen_Player_1_Obscure.csv,self_obscure_20_qwen_Player_1_Obscure,Q021,K,Superheroes,3,K力神,k,0,0,0,Q021::3
part3_selfplay_outputs/self_obscure_20_qwen_Player_1_Obscure.csv,self_obscure_20_qwen_Player_1_Obscure,Q021,K,Superheroes,4,Kree Sovereign,kree sovereign,0,0,0,Q021::4
part3_selfplay_outputs/self_obscure_20_qwen_Player_1_Obscure.csv,self_obscure_20_qwen_Player_1_Obscure,Q022,K,Things in a grocery store,0,Kaffir Lime,kaffir lime,1,0,1,Q022::0
part3_selfplay_outputs/self_obscure_20_qwen_Player_1_Obscure.csv,self_obscure_20_qwen_Player_1_Obscure,Q022,K,Things in a grocery store,1,Kaffir Lime,kaffir lime,1,0,1,Q022::1
part3_selfplay_outputs/self_obscure_20_qwen_Player_1_Obscure.csv,self_obscure_20_qwen_Player_1_Obscure,Q022,K,Things in a grocery store,2,Kaffir Lime,kaffir lime,1,0,1,Q022::2
part3_selfplay_outputs/self_obscure_20_qwen_Player_1_Obscure.csv,self_obscure_20_qwen_Player_1_Obscure,Q022,K,Things in a grocery store,3,Kelp Powder,kelp powder,1,0,1,Q022::3
part3_selfplay_outputs/self_obscure_20_qwen_Player_1_Obscure.csv,self_obscure_20_qwen_Player_1_Obscure,Q022,K,Things in a grocery store,4,Kelp Powder,kelp powder,1,0,1,Q022::4
part3_selfplay_outputs/self_obscure_20_qwen_Player_1_Obscure.csv,self_obscure_20_qwen_Player_1_Obscure,Q023,L,Dog breeds,0,Livestock Guardian Dog Laeksevæg,livestock guardian dog laeksevæg,0,0,0,Q023::0
part3_selfplay_outputs/self_obscure_20_qwen_Player_1_Obscure.csv,self_obscure_20_qwen_Player_1_Obscure,Q023,L,Dog breeds,1,Lagotto Romagnolo,lagotto romagnolo,1,1,0,Q023::1
part3_selfplay_outputs/self_obscure_20_qwen_Player_1_Obscure.csv,self_obscure_20_qwen_Player_1_Obscure,Q023,L,Dog breeds,2,Lakeland Terrier,lakeland terrier,1,0,1,Q023::2
part3_selfplay_outputs/self_obscure_20_qwen_Player_1_Obscure.csv,self_obscure_20_qwen_Player_1_Obscure,Q023,L,Dog breeds,3,Leonberger,leonberger,1,0,1,Q023::3
part3_selfplay_outputs/self_obscure_20_qwen_Player_1_Obscure.csv,self_obscure_20_qwen_Player_1_Obscure,Q023,L,Dog breeds,4,Leighdale Fantail Terrier,leighdale fantail terrier,0,0,0,Q023::4
part3_selfplay_outputs/self_obscure_20_qwen_Player_1_Obscure.csv,self_obscure_20_qwen_Player_1_Obscure,Q024,L,Books,0,Lyrical Love Letters,lyrical love letters,0,0,0,Q024::0
part3_selfplay_outputs/self_obscure_20_qwen_Player_1_Obscure.csv,self_obscure_20_qwen_Player_1_Obscure,Q024,L,Books,1,Lysistrata,lysistrata,1,0,1,Q024::1
part3_selfplay_outputs/self_obscure_20_qwen_Player_1_Obscure.csv,self_obscure_20_qwen_Player_1_Obscure,Q024,L,Books,2,Levant Literature,levant literature,0,0,0,Q024::2
part3_selfplay_outputs/self_obscure_20_qwen_Player_1_Obscure.csv,self_obscure_20_qwen_Player_1_Obscure,Q024,L,Books,3,Lampedusa's The Leopard,lampedusa's the leopard,1,0,1,Q024::3
part3_selfplay_outputs/self_obscure_20_qwen_Player_1_Obscure.csv,self_obscure_20_qwen_Player_1_Obscure,Q024,L,Books,4,Labyrinthine Literature,labyrinthine literature,0,0,0,Q024::4
part3_selfplay_outputs/self_obscure_20_qwen_Player_1_Obscure.csv,self_obscure_20_qwen_Player_1_Obscure,Q025,M,Languages,0,Mundang,mundang,1,0,1,Q025::0
part3_selfplay_outputs/self_obscure_20_qwen_Player_1_Obscure.csv,self_obscure_20_qwen_Player_1_Obscure,Q025,M,Languages,1,Mbyá Language,mbyá language,1,0,1,Q025::1
part3_selfplay_outputs/self_obscure_20_qwen_Player_1_Obscure.csv,self_obscure_20_qwen_Player_1_Obscure,Q025,M,Languages,2,Moksha,moksha,0,0,0,Q025::2
part3_selfplay_outputs/self_obscure_20_qwen_Player_1_Obscure.csv,self_obscure_20_qwen_Player_1_Obscure,Q025,M,Languages,3,Mianmna (a constructed language),mianmna (a constructed language,0,0,0,Q025::3
part3_selfplay_outputs/self_obscure_20_qwen_Player_1_Obscure.csv,self_obscure_20_qwen_Player_1_Obscure,Q025,M,Languages,4,Mamuju Hulu,mamuju hulu,0,0,0,Q025::4
part3_selfplay_outputs/self_obscure_20_qwen_Player_1_Obscure.csv,self_obscure_20_qwen_Player_1_Obscure,Q026,M,Clothing items,0,马绒毛外套,,0,0,0,Q026::0
part3_selfplay_outputs/self_obscure_20_qwen_Player_1_Obscure.csv,self_obscure_20_qwen_Player_1_Obscure,Q026,M,Clothing items,1,Miteredmuff,miteredmuff,0,0,0,Q026::1
part3_selfplay_outputs/self_obscure_20_qwen_Player_1_Obscure.csv,self_obscure_20_qwen_Player_1_Obscure,Q026,M,Clothing items,2,Moonphasal Mask,moonphasal mask,0,0,0,Q026::2
part3_selfplay_outputs/self_obscure_20_qwen_Player_1_Obscure.csv,self_obscure_20_qwen_Player_1_Obscure,Q026,M,Clothing items,3,Miter,miter,0,0,0,Q026::3
part3_selfplay_outputs/self_obscure_20_qwen_Player_1_Obscure.csv,self_obscure_20_qwen_Player_1_Obscure,Q026,M,Clothing items,4,Moirecloth,moirecloth,1,0,1,Q026::4
part3_selfplay_outputs/self_obscure_20_qwen_Player_1_Obscure.csv,self_obscure_20_qwen_Player_1_Obscure,Q027,N,Birds,0,Nightingale,nightingale,1,0,1,Q027::0
part3_selfplay_outputs/self_obscure_20_qwen_Player_1_Obscure.csv,self_obscure_20_qwen_Player_1_Obscure,Q027,N,Birds,1,Nanday,nanday,1,0,1,Q027::1
part3_selfplay_outputs/self_obscure_20_qwen_Player_1_Obscure.csv,self_obscure_20_qwen_Player_1_Obscure,Q027,N,Birds,2,Nightjar,nightjar,1,1,0,Q027::2
part3_selfplay_outputs/self_obscure_20_qwen_Player_1_Obscure.csv,self_obscure_20_qwen_Player_1_Obscure,Q027,N,Birds,3,Ninox nedostupensis,ninox nedostupensis,1,0,1,Q027::3
part3_selfplay_outputs/self_obscure_20_qwen_Player_1_Obscure.csv,self_obscure_20_qwen_Player_1_Obscure,Q027,N,Birds,4,Nightjar,nightjar,1,0,1,Q027::4
part3_selfplay_outputs/self_obscure_20_qwen_Player_1_Obscure.csv,self_obscure_20_qwen_Player_1_Obscure,Q028,N,Things in a hospital,0,Neoplasm biopsy needle,neoplasm biopsy needle,1,0,1,Q028::0
part3_selfplay_outputs/self_obscure_20_qwen_Player_1_Obscure.csv,self_obscure_20_qwen_Player_1_Obscure,Q028,N,Things in a hospital,1,Nephrologyneedle,nephrologyneedle,0,0,0,Q028::1
part3_selfplay_outputs/self_obscure_20_qwen_Player_1_Obscure.csv,self_obscure_20_qwen_Player_1_Obscure,Q028,N,Things in a hospital,2,Nurse's nightstand drawer key,nurse's nightstand drawer key,0,0,0,Q028::2
part3_selfplay_outputs/self_obscure_20_qwen_Player_1_Obscure.csv,self_obscure_20_qwen_Player_1_Obscure,Q028,N,Things in a hospital,3,NecropsyReport,necropsyreport,0,0,0,Q028::3
part3_selfplay_outputs/self_obscure_20_qwen_Player_1_Obscure.csv,self_obscure_20_qwen_Player_1_Obscure,Q028,N,Things in a hospital,4,Neonatology notebook,neonatology notebook,0,0,0,Q028::4
part3_selfplay_outputs/self_obscure_20_qwen_Player_1_Obscure.csv,self_obscure_20_qwen_Player_1_Obscure,Q029,O,Companies,0,Omnitone,omnitone,0,0,0,Q029::0
part3_selfplay_outputs/self_obscure_20_qwen_Player_1_Obscure.csv,self_obscure_20_qwen_Player_1_Obscure,Q029,O,Companies,1,Octotronic Resources Corporation,octotronic resources corporation,0,0,0,Q029::1
part3_selfplay_outputs/self_obscure_20_qwen_Player_1_Obscure.csv,self_obscure_20_qwen_Player_1_Obscure,Q029,O,Companies,2,Omega Jewelry House,omega jewelry house,0,0,0,Q029::2
part3_selfplay_outputs/self_obscure_20_qwen_Player_1_Obscure.csv,self_obscure_20_qwen_Player_1_Obscure,Q029,O,Companies,3,Oroumaniye,oroumaniye,0,0,0,Q029::3
part3_selfplay_outputs/self_obscure_20_qwen_Player_1_Obscure.csv,self_obscure_20_qwen_Player_1_Obscure,Q029,O,Companies,4,Omega Pharmaceuticals,omega pharmaceuticals,0,0,0,Q029::4
part3_selfplay_outputs/self_obscure_20_qwen_Player_1_Obscure.csv,self_obscure_20_qwen_Player_1_Obscure,Q030,O,Things in the sky,0,Oort cloud,oort cloud,1,1,0,Q030::0
part3_selfplay_outputs/self_obscure_20_qwen_Player_1_Obscure.csv,self_obscure_20_qwen_Player_1_Obscure,Q030,O,Things in the sky,1,Orbicular meteor,orbicular meteor,0,0,0,Q030::1
part3_selfplay_outputs/self_obscure_20_qwen_Player_1_Obscure.csv,self_obscure_20_qwen_Player_1_Obscure,Q030,O,Things in the sky,2,Oort云,oort,1,0,1,Q030::2
part3_selfplay_outputs/self_obscure_20_qwen_Player_1_Obscure.csv,self_obscure_20_qwen_Player_1_Obscure,Q030,O,Things in the sky,3,Oort云coma,oort云coma,0,0,0,Q030::3
part3_selfplay_outputs/self_obscure_20_qwen_Player_1_Obscure.csv,self_obscure_20_qwen_Player_1_Obscure,Q030,O,Things in the sky,4,Orion's Belt,orion's belt,0,0,0,Q030::4
part3_selfplay_outputs/self_obscure_20_qwen_Player_1_Obscure.csv,self_obscure_20_qwen_Player_1_Obscure,Q031,P,Vegetables,0,Pupunha,pupunha,1,0,1,Q031::0
part3_selfplay_outputs/self_obscure_20_qwen_Player_1_Obscure.csv,self_obscure_20_qwen_Player_1_Obscure,Q031,P,Vegetables,1,Pulpy Fowl🌱,pulpy fowl,0,0,0,Q031::1
part3_selfplay_outputs/self_obscure_20_qwen_Player_1_Obscure.csv,self_obscure_20_qwen_Player_1_Obscure,Q031,P,Vegetables,2,Parsnip,parsnip,1,0,1,Q031::2
part3_selfplay_outputs/self_obscure_20_qwen_Player_1_Obscure.csv,self_obscure_20_qwen_Player_1_Obscure,Q031,P,Vegetables,3,Parsnip,parsnip,1,0,1,Q031::3
part3_selfplay_outputs/self_obscure_20_qwen_Player_1_Obscure.csv,self_obscure_20_qwen_Player_1_Obscure,Q031,P,Vegetables,4,PummeloLeaf,pummeloleaf,0,0,0,Q031::4
part3_selfplay_outputs/self_obscure_20_qwen_Player_1_Obscure.csv,self_obscure_20_qwen_Player_1_Obscure,Q032,P,Historical figures,0,Ptolemy of Egypt,ptolemy of egypt,1,0,1,Q032::0
part3_selfplay_outputs/self_obscure_20_qwen_Player_1_Obscure.csv,self_obscure_20_qwen_Player_1_Obscure,Q032,P,Historical figures,1,Ptolemy III Euergetes,ptolemy iii euergetes,1,0,1,Q032::1
part3_selfplay_outputs/self_obscure_20_qwen_Player_1_Obscure.csv,self_obscure_20_qwen_Player_1_Obscure,Q032,P,Historical figures,2,Pontus Winnberg Ussher,pontus winnberg ussher,0,0,0,Q032::2
part3_selfplay_outputs/self_obscure_20_qwen_Player_1_Obscure.csv,self_obscure_20_qwen_Player_1_Obscure,Q032,P,Historical figures,3,"Ptolemy)){

Papias of Hierapolis

Plutarch of",ptolemy)){ papias of hierapolis plutarch of,0,0,0,Q032::3
part3_selfplay_outputs/self_obscure_20_qwen_Player_1_Obscure.csv,self_obscure_20_qwen_Player_1_Obscure,Q032,P,Historical figures,4,Ptolemy克拉特勒米奥斯,ptolemy,1,1,0,Q032::4
part3_selfplay_outputs/self_obscure_20_qwen_Player_1_Obscure.csv,self_obscure_20_qwen_Player_1_Obscure,Q033,Q,Words in English,0,Quxian,quxian,0,0,0,Q033::0
part3_selfplay_outputs/self_obscure_20_qwen_Player_1_Obscure.csv,self_obscure_20_qwen_Player_1_Obscure,Q033,Q,Words in English,1,Quintessence,quintessence,1,0,1,Q033::1
part3_selfplay_outputs/self_obscure_20_qwen_Player_1_Obscure.csv,self_obscure_20_qwen_Player_1_Obscure,Q033,Q,Words in English,2,Quizzical,quizzical,1,0,1,Q033::2
part3_selfplay_outputs/self_obscure_20_qwen_Player_1_Obscure.csv,self_obscure_20_qwen_Player_1_Obscure,Q033,Q,Words in English,3,Quicksilver,quicksilver,1,0,1,Q033::3
part3_selfplay_outputs/self_obscure_20_qwen_Player_1_Obscure.csv,self_obscure_20_qwen_Player_1_Obscure,Q033,Q,Words in English,4,Quixotically,quixotically,1,0,1,Q033::4
part3_selfplay_outputs/self_obscure_20_qwen_Player_1_Obscure.csv,self_obscure_20_qwen_Player_1_Obscure,Q034,Q,Fictional characters,0,Quigley={({{/Qwen}})},quigley={({{/qwen,0,0,0,Q034::0
part3_selfplay_outputs/self_obscure_20_qwen_Player_1_Obscure.csv,self_obscure_20_qwen_Player_1_Obscure,Q034,Q,Fictional characters,1,Quagmire McQuack,quagmire mcquack,0,0,0,Q034::1
part3_selfplay_outputs/self_obscure_20_qwen_Player_1_Obscure.csv,self_obscure_20_qwen_Player_1_Obscure,Q034,Q,Fictional characters,2,Quicksilver from Marvel Comics,quicksilver from marvel comics,1,0,1,Q034::2
part3_selfplay_outputs/self_obscure_20_qwen_Player_1_Obscure.csv,self_obscure_20_qwen_Player_1_Obscure,Q034,Q,Fictional characters,3,Quog the Sloguthulhu,quog the sloguthulhu,0,0,0,Q034::3
part3_selfplay_outputs/self_obscure_20_qwen_Player_1_Obscure.csv,self_obscure_20_qwen_Player_1_Obscure,Q034,Q,Fictional characters,4,Quasimodo,quasimodo,1,0,1,Q034::4
part3_selfplay_outputs/self_obscure_20_qwen_Player_1_Obscure.csv,self_obscure_20_qwen_Player_1_Obscure,Q035,R,Songs,0,Rhapsody in Blue,rhapsody in blue,0,0,0,Q035::0
part3_selfplay_outputs/self_obscure_20_qwen_Player_1_Obscure.csv,self_obscure_20_qwen_Player_1_Obscure,Q035,R,Songs,1,Rondinelettes,rondinelettes,0,0,0,Q035::1
part3_selfplay_outputs/self_obscure_20_qwen_Player_1_Obscure.csv,self_obscure_20_qwen_Player_1_Obscure,Q035,R,Songs,2,Rain Tree Woman,rain tree woman,0,0,0,Q035::2
part3_selfplay_outputs/self_obscure_20_qwen_Player_1_Obscure.csv,self_obscure_20_qwen_Player_1_Obscure,Q035,R,Songs,3,Ratatat (song by Mew),ratatat (song by mew,0,0,0,Q035::3
part3_selfplay_outputs/self_obscure_20_qwen_Player_1_Obscure.csv,self_obscure_20_qwen_Player_1_Obscure,Q035,R,Songs,4,Ravelineegovite,ravelineegovite,0,0,0,Q035::4
part3_selfplay_outputs/self_obscure_20_qwen_Player_1_Obscure.csv,self_obscure_20_qwen_Player_1_Obscure,Q036,R,Tools,0,Rapier,rapier,0,0,0,Q036::0
part3_selfplay_outputs/self_obscure_20_qwen_Player_1_Obscure.csv,self_obscure_20_qwen_Player_1_Obscure,Q036,R,Tools,1,Rapier,rapier,0,0,0,Q036::1
part3_selfplay_outputs/self_obscure_20_qwen_Player_1_Obscure.csv,self_obscure_20_qwen_Player_1_Obscure,Q036,R,Tools,2,Rocking bobbin,rocking bobbin,0,0,0,Q036::2
part3_selfplay_outputs/self_obscure_20_qwen_Player_1_Obscure.csv,self_obscure_20_qwen_Player_1_Obscure,Q036,R,Tools,3,Runic stave,runic stave,0,0,0,Q036::3
part3_selfplay_outputs/self_obscure_20_qwen_Player_1_Obscure.csv,self_obscure_20_qwen_Player_1_Obscure,Q036,R,Tools,4,Rock polish rueanite scaler,rock polish rueanite scaler,0,0,0,Q036::4
part3_selfplay_outputs/self_obscure_20_qwen_Player_1_Obscure.csv,self_obscure_20_qwen_Player_1_Obscure,Q037,S,Animals,0,Saola,saola,1,0,1,Q037::0
part3_selfplay_outputs/self_obscure_20_qwen_Player_1_Obscure.csv,self_obscure_20_qwen_Player_1_Obscure,Q037,S,Animals,1,Solenodon,solenodon,1,0,1,Q037::1
part3_selfplay_outputs/self_obscure_20_qwen_Player_1_Obscure.csv,self_obscure_20_qwen_Player_1_Obscure,Q037,S,Animals,2,Slender-tailed Brush-Tailed Porcupine,slender-tailed brush-tailed porcupine,1,0,1,Q037::2
part3_selfplay_outputs/self_obscure_20_qwen_Player_1_Obscure.csv,self_obscure_20_qwen_Player_1_Obscure,Q037,S,Animals,3,Snuffbox shark,snuffbox shark,0,0,0,Q037::3
part3_selfplay_outputs/self_obscure_20_qwen_Player_1_Obscure.csv,self_obscure_20_qwen_Player_1_Obscure,Q037,S,Animals,4,Snodragon,snodragon,0,0,0,Q037::4
part3_selfplay_outputs/self_obscure_20_qwen_Player_1_Obscure.csv,self_obscure_20_qwen_Player_1_Obscure,Q038,S,Things in an office,0,Stylusiset,stylusiset,0,0,0,Q038::0
part3_selfplay_outputs/self_obscure_20_qwen_Player_1_Obscure.csv,self_obscure_20_qwen_Player_1_Obscure,Q038,S,Things in an office,1,Stanley Steamer_cleaner,stanley steamer_cleaner,0,0,0,Q038::1
part3_selfplay_outputs/self_obscure_20_qwen_Player_1_Obscure.csv,self_obscure_20_qwen_Player_1_Obscure,Q038,S,Things in an office,2,Scuba diving apparatus,scuba diving apparatus,0,0,0,Q038::2
part3_selfplay_outputs/self_obscure_20_qwen_Player_1_Obscure.csv,self_obscure_20_qwen_Player_1_Obscure,Q038,S,Things in an office,3,Safety mascot statue,safety mascot statue,1,0,1,Q038::3
part3_selfplay_outputs/self_obscure_20_qwen_Player_1_Obscure.csv,self_obscure_20_qwen_Player_1_Obscure,Q038,S,Things in an office,4,Spider plant,spider plant,1,0,1,Q038::4
part3_selfplay_outputs/self_obscure_20_qwen_Player_1_Obscure.csv,self_obscure_20_qwen_Player_1_Obscure,Q039,T,Countries,0,Tuvalu,tuvalu,1,1,0,Q039::0
part3_selfplay_outputs/self_obscure_20_qwen_Player_1_Obscure.csv,self_obscure_20_qwen_Player_1_Obscure,Q039,T,Countries,1,Tuvalu,tuvalu,1,0,1,Q039::1
part3_selfplay_outputs/self_obscure_20_qwen_Player_1_Obscure.csv,self_obscure_20_qwen_Player_1_Obscure,Q039,T,Countries,2,Tajikistan,tajikistan,1,0,1,Q039::2
part3_selfplay_outputs/self_obscure_20_qwen_Player_1_Obscure.csv,self_obscure_20_qwen_Player_1_Obscure,Q039,T,Countries,3,Tonga,tonga,1,0,1,Q039::3
part3_selfplay_outputs/self_obscure_20_qwen_Player_1_Obscure.csv,self_obscure_20_qwen_Player_1_Obscure,Q039,T,Countries,4,Tonga,tonga,1,0,1,Q039::4
part3_selfplay_outputs/self_obscure_20_qwen_Player_1_Obscure.csv,self_obscure_20_qwen_Player_1_Obscure,Q040,T,TV shows,0,Twin Peaks: Fire Walk With Me,twin peaks: fire walk with me,0,0,0,Q040::0
part3_selfplay_outputs/self_obscure_20_qwen_Player_1_Obscure.csv,self_obscure_20_qwen_Player_1_Obscure,Q040,T,TV shows,1,Twin Peaks,twin peaks,1,0,1,Q040::1
part3_selfplay_outputs/self_obscure_20_qwen_Player_1_Obscure.csv,self_obscure_20_qwen_Player_1_Obscure,Q040,T,TV shows,2,Twin Peaks,twin peaks,1,1,0,Q040::2
part3_selfplay_outputs/self_obscure_20_qwen_Player_1_Obscure.csv,self_obscure_20_qwen_Player_1_Obscure,Q040,T,TV shows,3,Twin Peaks: Fire Walk With Me,twin peaks: fire walk with me,0,0,0,Q040::3
part3_selfplay_outputs/self_obscure_20_qwen_Player_1_Obscure.csv,self_obscure_20_qwen_Player_1_Obscure,Q040,T,TV shows,4,The Trial,the trial,0,0,0,Q040::4
part3_selfplay_outputs/self_obscure_20_qwen_Player_1_Obscure.csv,self_obscure_20_qwen_Player_1_Obscure,Q041,U,U.S. colleges,0,University of Charleston,university of charleston,0,0,0,Q041::0
part3_selfplay_outputs/self_obscure_20_qwen_Player_1_Obscure.csv,self_obscure_20_qwen_Player_1_Obscure,Q041,U,U.S. colleges,1,University of Ursinus,university of ursinus,1,0,1,Q041::1
part3_selfplay_outputs/self_obscure_20_qwen_Player_1_Obscure.csv,self_obscure_20_qwen_Player_1_Obscure,Q041,U,U.S. colleges,2,University of the Pacific,university of the pacific,1,1,0,Q041::2
part3_selfplay_outputs/self_obscure_20_qwen_Player_1_Obscure.csv,self_obscure_20_qwen_Player_1_Obscure,Q041,U,U.S. colleges,3,University of the Pacific,university of the pacific,1,1,0,Q041::3
part3_selfplay_outputs/self_obscure_20_qwen_Player_1_Obscure.csv,self_obscure_20_qwen_Player_1_Obscure,Q041,U,U.S. colleges,4,University of Charleston,university of charleston,0,0,0,Q041::4
part3_selfplay_outputs/self_obscure_20_qwen_Player_1_Obscure.csv,self_obscure_20_qwen_Player_1_Obscure,Q042,U,Things in a garage,0,Unlikely uranium样本答案：Unlikely uranium,unlikely uranium样本答案：unlikely uranium,0,0,0,Q042::0
part3_selfplay_outputs/self_obscure_20_qwen_Player_1_Obscure.csv,self_obscure_20_qwen_Player_1_Obscure,Q042,U,Things in a garage,1,unicellular organism collection,unicellular organism collection,0,0,0,Q042::1
part3_selfplay_outputs/self_obscure_20_qwen_Player_1_Obscure.csv,self_obscure_20_qwen_Player_1_Obscure,Q042,U,Things in a garage,2,university pennant,university pennant,0,0,0,Q042::2
part3_selfplay_outputs/self_obscure_20_qwen_Player_1_Obscure.csv,self_obscure_20_qwen_Player_1_Obscure,Q042,U,Things in a garage,3,unicellular organism storage container,unicellular organism storage container,0,0,0,Q042::3
part3_selfplay_outputs/self_obscure_20_qwen_Player_1_Obscure.csv,self_obscure_20_qwen_Player_1_Obscure,Q042,U,Things in a garage,4,unicycle museum,unicycle museum,0,0,0,Q042::4
part3_selfplay_outputs/self_obscure_20_qwen_Player_1_Obscure.csv,self_obscure_20_qwen_Player_1_Obscure,Q043,V,Jobs,0,Ventriloquist,ventriloquist,1,0,1,Q043::0
part3_selfplay_outputs/self_obscure_20_qwen_Player_1_Obscure.csv,self_obscure_20_qwen_Player_1_Obscure,Q043,V,Jobs,1,Vexillographer,vexillographer,1,0,1,Q043::1
part3_selfplay_outputs/self_obscure_20_qwen_Player_1_Obscure.csv,self_obscure_20_qwen_Player_1_Obscure,Q043,V,Jobs,2,Venture Capital Anesthesiologist,venture capital anesthesiologist,0,0,0,Q043::2
part3_selfplay_outputs/self_obscure_20_qwen_Player_1_Obscure.csv,self_obscure_20_qwen_Player_1_Obscure,Q043,V,Jobs,3,Ventriloquist,ventriloquist,1,1,0,Q043::3
part3_selfplay_outputs/self_obscure_20_qwen_Player_1_Obscure.csv,self_obscure_20_qwen_Player_1_Obscure,Q043,V,Jobs,4,Venture capitalist,venture capitalist,1,0,1,Q043::4
part3_selfplay_outputs/self_obscure_20_qwen_Player_1_Obscure.csv,self_obscure_20_qwen_Player_1_Obscure,Q044,V,Things you wear,0,Vampiric gaiter,vampiric gaiter,0,0,0,Q044::0
part3_selfplay_outputs/self_obscure_20_qwen_Player_1_Obscure.csv,self_obscure_20_qwen_Player_1_Obscure,Q044,V,Things you wear,1,Vampyre fang necklaces,vampyre fang necklaces,0,0,0,Q044::1
part3_selfplay_outputs/self_obscure_20_qwen_Player_1_Obscure.csv,self_obscure_20_qwen_Player_1_Obscure,Q044,V,Things you wear,2,Venereic mask,venereic mask,0,0,0,Q044::2
part3_selfplay_outputs/self_obscure_20_qwen_Player_1_Obscure.csv,self_obscure_20_qwen_Player_1_Obscure,Q044,V,Things you wear,3,Vambrace,vambrace,1,0,1,Q044::3
part3_selfplay_outputs/self_obscure_20_qwen_Player_1_Obscure.csv,self_obscure_20_qwen_Player_1_Obscure,Q044,V,Things you wear,4,Vambrace,vambrace,1,0,1,Q044::4
part3_selfplay_outputs/self_obscure_20_qwen_Player_1_Obscure.csv,self_obscure_20_qwen_Player_1_Obscure,Q045,W,Cities,0,Whangarei,whangarei,1,0,1,Q045::0
part3_selfplay_outputs/self_obscure_20_qwen_Player_1_Obscure.csv,self_obscure_20_qwen_Player_1_Obscure,Q045,W,Cities,1,Whangdong,whangdong,0,0,0,Q045::1
part3_selfplay_outputs/self_obscure_20_qwen_Player_1_Obscure.csv,self_obscure_20_qwen_Player_1_Obscure,Q045,W,Cities,2,Wrightwood,wrightwood,0,0,0,Q045::2
part3_selfplay_outputs/self_obscure_20_qwen_Player_1_Obscure.csv,self_obscure_20_qwen_Player_1_Obscure,Q045,W,Cities,3,Whittier,whittier,1,0,1,Q045::3
part3_selfplay_outputs/self_obscure_20_qwen_Player_1_Obscure.csv,self_obscure_20_qwen_Player_1_Obscure,Q045,W,Cities,4,"Whittier, Alaska","whittier, alaska",1,0,1,Q045::4
part3_selfplay_outputs/self_obscure_20_qwen_Player_1_Obscure.csv,self_obscure_20_qwen_Player_1_Obscure,Q046,W,Things in a park,0,Willowlicted Swing,willowlicted swing,0,0,0,Q046::0
part3_selfplay_outputs/self_obscure_20_qwen_Player_1_Obscure.csv,self_obscure_20_qwen_Player_1_Obscure,Q046,W,Things in a park,1,Wisteria Pod,wisteria pod,0,0,0,Q046::1
part3_selfplay_outputs/self_obscure_20_qwen_Player_1_Obscure.csv,self_obscure_20_qwen_Player_1_Obscure,Q046,W,Things in a park,2,Willowandelier,willowandelier,0,0,0,Q046::2
part3_selfplay_outputs/self_obscure_20_qwen_Player_1_Obscure.csv,self_obscure_20_qwen_Player_1_Obscure,Q046,W,Things in a park,3,Willow treeWebSocket node,willow treewebsocket node,0,0,0,Q046::3
part3_selfplay_outputs/self_obscure_20_qwen_Player_1_Obscure.csv,self_obscure_20_qwen_Player_1_Obscure,Q046,W,Things in a park,4,Willow tree woodpile,willow tree woodpile,0,0,0,Q046::4
part3_selfplay_outputs/self_obscure_20_qwen_Player_1_Obscure.csv,self_obscure_20_qwen_Player_1_Obscure,Q047,X,Brands,0,XylographyWorks,xylographyworks,0,0,0,Q047::0
part3_selfplay_outputs/self_obscure_20_qwen_Player_1_Obscure.csv,self_obscure_20_qwen_Player_1_Obscure,Q047,X,Brands,1,Xybernaut,xybernaut,1,0,1,Q047::1
part3_selfplay_outputs/self_obscure_20_qwen_Player_1_Obscure.csv,self_obscure_20_qwen_Player_1_Obscure,Q047,X,Brands,2,Xylocaine,xylocaine,1,0,1,Q047::2
part3_selfplay_outputs/self_obscure_20_qwen_Player_1_Obscure.csv,self_obscure_20_qwen_Player_1_Obscure,Q047,X,Brands,3,Xylose,xylose,0,0,0,Q047::3
part3_selfplay_outputs/self_obscure_20_qwen_Player_1_Obscure.csv,self_obscure_20_qwen_Player_1_Obscure,Q047,X,Brands,4,Xycom,xycom,0,0,0,Q047::4
part3_selfplay_outputs/self_obscure_20_qwen_Player_1_Obscure.csv,self_obscure_20_qwen_Player_1_Obscure,Q048,X,Words in English,0,Xylophonist,xylophonist,1,0,1,Q048::0
part3_selfplay_outputs/self_obscure_20_qwen_Player_1_Obscure.csv,self_obscure_20_qwen_Player_1_Obscure,Q048,X,Words in English,1,Xylophylla,xylophylla,1,0,1,Q048::1
part3_selfplay_outputs/self_obscure_20_qwen_Player_1_Obscure.csv,self_obscure_20_qwen_Player_1_Obscure,Q048,X,Words in English,2,Xylophonist,xylophonist,1,0,1,Q048::2
part3_selfplay_outputs/self_obscure_20_qwen_Player_1_Obscure.csv,self_obscure_20_qwen_Player_1_Obscure,Q048,X,Words in English,3,Xylophonic,xylophonic,1,0,1,Q048::3
part3_selfplay_outputs/self_obscure_20_qwen_Player_1_Obscure.csv,self_obscure_20_qwen_Player_1_Obscure,Q048,X,Words in English,4,Xylophonist,xylophonist,1,0,1,Q048::4
part3_selfplay_outputs/self_obscure_20_qwen_Player_1_Obscure.csv,self_obscure_20_qwen_Player_1_Obscure,Q049,Y,Foods,0,Yuzu Jelly,yuzu jelly,1,0,1,Q049::0
part3_selfplay_outputs/self_obscure_20_qwen_Player_1_Obscure.csv,self_obscure_20_qwen_Player_1_Obscure,Q049,Y,Foods,1,Yuzu Jelly,yuzu jelly,1,0,1,Q049::1
part3_selfplay_outputs/self_obscure_20_qwen_Player_1_Obscure.csv,self_obscure_20_qwen_Player_1_Obscure,Q049,Y,Foods,2,Yamelle:lengthy West African candy made from yams and honey,yamelle:lengthy west african candy made from yams and honey,0,0,0,Q049::2
part3_selfplay_outputs/self_obscure_20_qwen_Player_1_Obscure.csv,self_obscure_20_qwen_Player_1_Obscure,Q049,Y,Foods,3,Yestermorrow Salad,yestermorrow salad,0,0,0,Q049::3
part3_selfplay_outputs/self_obscure_20_qwen_Player_1_Obscure.csv,self_obscure_20_qwen_Player_1_Obscure,Q049,Y,Foods,4,Yuzu Jelly,yuzu jelly,1,0,1,Q049::4
part3_selfplay_outputs/self_obscure_20_qwen_Player_1_Obscure.csv,self_obscure_20_qwen_Player_1_Obscure,Q050,Y,Things at a party,0,Yellow luminescent seaweed,yellow luminescent seaweed,0,0,0,Q050::0
part3_selfplay_outputs/self_obscure_20_qwen_Player_1_Obscure.csv,self_obscure_20_qwen_Player_1_Obscure,Q050,Y,Things at a party,1,Yacht club membership card,yacht club membership card,0,0,0,Q050::1
part3_selfplay_outputs/self_obscure_20_qwen_Player_1_Obscure.csv,self_obscure_20_qwen_Player_1_Obscure,Q050,Y,Things at a party,2,Yellow peril lampshade,yellow peril lampshade,0,0,0,Q050::2
part3_selfplay_outputs/self_obscure_20_qwen_Player_1_Obscure.csv,self_obscure_20_qwen_Player_1_Obscure,Q050,Y,Things at a party,3,Ylang-ylang flower wreath,ylang-ylang flower wreath,0,0,0,Q050::3
part3_selfplay_outputs/self_obscure_20_qwen_Player_1_Obscure.csv,self_obscure_20_qwen_Player_1_Obscure,Q050,Y,Things at a party,4,Yesterially-themed candle,yesterially-themed candle,0,0,0,Q050::4
part3_selfplay_outputs/self_obscure_20_qwen_Player_1_Obscure.csv,self_obscure_20_qwen_Player_1_Obscure,Q051,Z,Animals,0,Zorilla,zorilla,1,1,0,Q051::0
part3_selfplay_outputs/self_obscure_20_qwen_Player_1_Obscure.csv,self_obscure_20_qwen_Player_1_Obscure,Q051,Z,Animals,1,Zorilla,zorilla,1,1,0,Q051::1
part3_selfplay_outputs/self_obscure_20_qwen_Player_1_Obscure.csv,self_obscure_20_qwen_Player_1_Obscure,Q051,Z,Animals,2,Zorilla,zorilla,1,1,0,Q051::2
part3_selfplay_outputs/self_obscure_20_qwen_Player_1_Obscure.csv,self_obscure_20_qwen_Player_1_Obscure,Q051,Z,Animals,3,Zorilla,zorilla,1,1,0,Q051::3
part3_selfplay_outputs/self_obscure_20_qwen_Player_1_Obscure.csv,self_obscure_20_qwen_Player_1_Obscure,Q051,Z,Animals,4,Zorilla,zorilla,1,1,0,Q051::4
part3_selfplay_outputs/self_obscure_20_qwen_Player_1_Obscure.csv,self_obscure_20_qwen_Player_1_Obscure,Q052,Z,Things in a zoo,0,Zookeeper's专用工具,zookeeper's,0,0,0,Q052::0
part3_selfplay_outputs/self_obscure_20_qwen_Player_1_Obscure.csv,self_obscure_20_qwen_Player_1_Obscure,Q052,Z,Things in a zoo,1,ZookeeperSpecial印章(Zhānpiàn),zookeeperspecial印章(zhānpiàn,0,0,0,Q052::1
part3_selfplay_outputs/self_obscure_20_qwen_Player_1_Obscure.csv,self_obscure_20_qwen_Player_1_Obscure,Q052,Z,Things in a zoo,2,Zookeeper's专用竹筢,zookeeper's,0,0,0,Q052::2
part3_selfplay_outputs/self_obscure_20_qwen_Player_1_Obscure.csv,self_obscure_20_qwen_Player_1_Obscure,Q052,Z,Things in a zoo,3,Zorilla,zorilla,1,1,0,Q052::3
part3_selfplay_outputs/self_obscure_20_qwen_Player_1_Obscure.csv,self_obscure_20_qwen_Player_1_Obscure,Q052,Z,Things in a zoo,4,Zorilla,zorilla,1,0,1,Q052::4
part3_selfplay_outputs/self_obscure_20_qwen_Player_1_Obscure.csv,self_obscure_20_qwen_Player_1_Obscure,Q053,A,Things in a kitchen,0,Algafayme,algafayme,0,0,0,Q053::0
part3_selfplay_outputs/self_obscure_20_qwen_Player_1_Obscure.csv,self_obscure_20_qwen_Player_1_Obscure,Q053,A,Things in a kitchen,1,Alfafa Seeds,alfafa seeds,0,0,0,Q053::1
part3_selfplay_outputs/self_obscure_20_qwen_Player_1_Obscure.csv,self_obscure_20_qwen_Player_1_Obscure,Q053,A,Things in a kitchen,2,Aluminum Anvils,aluminum anvils,0,0,0,Q053::2
part3_selfplay_outputs/self_obscure_20_qwen_Player_1_Obscure.csv,self_obscure_20_qwen_Player_1_Obscure,Q053,A,Things in a kitchen,3,Apricotacerbicatingdryingrack,apricotacerbicatingdryingrack,0,0,0,Q053::3
part3_selfplay_outputs/self_obscure_20_qwen_Player_1_Obscure.csv,self_obscure_20_qwen_Player_1_Obscure,Q053,A,Things in a kitchen,4,Alumina crucible,alumina crucible,0,0,0,Q053::4
part3_selfplay_outputs/self_obscure_20_qwen_Player_1_Obscure.csv,self_obscure_20_qwen_Player_1_Obscure,Q054,B,Singers,0,Bauhaus,bauhaus,0,0,0,Q054::0
part3_selfplay_outputs/self_obscure_20_qwen_Player_1_Obscure.csv,self_obscure_20_qwen_Player_1_Obscure,Q054,B,Singers,1,Blodeuwedd,blodeuwedd,0,0,0,Q054::1
part3_selfplay_outputs/self_obscure_20_qwen_Player_1_Obscure.csv,self_obscure_20_qwen_Player_1_Obscure,Q054,B,Singers,2,Bauhaus,bauhaus,0,0,0,Q054::2
part3_selfplay_outputs/self_obscure_20_qwen_Player_1_Obscure.csv,self_obscure_20_qwen_Player_1_Obscure,Q054,B,Singers,3,Blezzi Brothers,blezzi brothers,0,0,0,Q054::3
part3_selfplay_outputs/self_obscure_20_qwen_Player_1_Obscure.csv,self_obscure_20_qwen_Player_1_Obscure,Q054,B,Singers,4,Balkanophile,balkanophile,0,0,0,Q054::4
part3_selfplay_outputs/self_obscure_20_qwen_Player_1_Obscure.csv,self_obscure_20_qwen_Player_1_Obscure,Q055,C,Desserts,0,Caramelized Chestnut Compote,caramelized chestnut compote,1,0,1,Q055::0
part3_selfplay_outputs/self_obscure_20_qwen_Player_1_Obscure.csv,self_obscure_20_qwen_Player_1_Obscure,Q055,C,Desserts,1,CustardCakeIcing,custardcakeicing,0,0,0,Q055::1
part3_selfplay_outputs/self_obscure_20_qwen_Player_1_Obscure.csv,self_obscure_20_qwen_Player_1_Obscure,Q055,C,Desserts,2,Custard Tartlet,custard tartlet,1,0,1,Q055::2
part3_selfplay_outputs/self_obscure_20_qwen_Player_1_Obscure.csv,self_obscure_20_qwen_Player_1_Obscure,Q055,C,Desserts,3,Caramelized Coconut Clusters,caramelized coconut clusters,1,0,1,Q055::3
part3_selfplay_outputs/self_obscure_20_qwen_Player_1_Obscure.csv,self_obscure_20_qwen_Player_1_Obscure,Q055,C,Desserts,4,Carob_cluster,carob_cluster,0,0,0,Q055::4
part3_selfplay_outputs/self_obscure_20_qwen_Player_1_Obscure.csv,self_obscure_20_qwen_Player_1_Obscure,Q056,D,Plants,0,Dragon fruit,dragon fruit,1,0,1,Q056::0
part3_selfplay_outputs/self_obscure_20_qwen_Player_1_Obscure.csv,self_obscure_20_qwen_Player_1_Obscure,Q056,D,Plants,1,Dandelion fruit,dandelion fruit,0,0,0,Q056::1
part3_selfplay_outputs/self_obscure_20_qwen_Player_1_Obscure.csv,self_obscure_20_qwen_Player_1_Obscure,Q056,D,Plants,2,Dragonfruit,dragonfruit,1,0,1,Q056::2
part3_selfplay_outputs/self_obscure_20_qwen_Player_1_Obscure.csv,self_obscure_20_qwen_Player_1_Obscure,Q056,D,Plants,3,Dragon吐吊兰（Dracontium）,dragon吐吊兰（dracontium,0,0,0,Q056::3
part3_selfplay_outputs/self_obscure_20_qwen_Player_1_Obscure.csv,self_obscure_20_qwen_Player_1_Obscure,Q056,D,Plants,4,Dendriticolerum,dendriticolerum,0,0,0,Q056::4
part3_selfplay_outputs/self_obscure_20_qwen_Player_1_Obscure.csv,self_obscure_20_qwen_Player_1_Obscure,Q057,E,Companies,0,Eupenema Naturae,eupenema naturae,0,0,0,Q057::0
part3_selfplay_outputs/self_obscure_20_qwen_Player_1_Obscure.csv,self_obscure_20_qwen_Player_1_Obscure,Q057,E,Companies,1,Echogire Records,echogire records,0,0,0,Q057::1
part3_selfplay_outputs/self_obscure_20_qwen_Player_1_Obscure.csv,self_obscure_20_qwen_Player_1_Obscure,Q057,E,Companies,2,Euphyllia Enzymes,euphyllia enzymes,0,0,0,Q057::2
part3_selfplay_outputs/self_obscure_20_qwen_Player_1_Obscure.csv,self_obscure_20_qwen_Player_1_Obscure,Q057,E,Companies,3,Electrocoin,electrocoin,0,0,0,Q057::3
part3_selfplay_outputs/self_obscure_20_qwen_Player_1_Obscure.csv,self_obscure_20_qwen_Player_1_Obscure,Q057,E,Companies,4,Echometer,echometer,0,0,0,Q057::4
part3_selfplay_outputs/self_obscure_20_qwen_Player_1_Obscure.csv,self_obscure_20_qwen_Player_1_Obscure,Q058,F,Movie characters,0,Fang Fong,fang fong,0,0,0,Q058::0
part3_selfplay_outputs/self_obscure_20_qwen_Player_1_Obscure.csv,self_obscure_20_qwen_Player_1_Obscure,Q058,F,Movie characters,1,Frankenendless,frankenendless,0,0,0,Q058::1
part3_selfplay_outputs/self_obscure_20_qwen_Player_1_Obscure.csv,self_obscure_20_qwen_Player_1_Obscure,Q058,F,Movie characters,2,Fylpherd Wilberfeld,fylpherd wilberfeld,0,0,0,Q058::2
part3_selfplay_outputs/self_obscure_20_qwen_Player_1_Obscure.csv,self_obscure_20_qwen_Player_1_Obscure,Q058,F,Movie characters,3,Forbinder,forbinder,0,0,0,Q058::3
part3_selfplay_outputs/self_obscure_20_qwen_Player_1_Obscure.csv,self_obscure_20_qwen_Player_1_Obscure,Q058,F,Movie characters,4,Frumpety Frump,frumpety frump,0,0,0,Q058::4
part3_selfplay_outputs/self_obscure_20_qwen_Player_1_Obscure.csv,self_obscure_20_qwen_Player_1_Obscure,Q059,G,Things in a toolbox,0,gear worm gear,gear worm gear,0,0,0,Q059::0
part3_selfplay_outputs/self_obscure_20_qwen_Player_1_Obscure.csv,self_obscure_20_qwen_Player_1_Obscure,Q059,G,Things in a toolbox,1,gear reduction collar,gear reduction collar,0,0,0,Q059::1
part3_selfplay_outputs/self_obscure_20_qwen_Player_1_Obscure.csv,self_obscure_20_qwen_Player_1_Obscure,Q059,G,Things in a toolbox,2,Gaff,gaff,1,0,1,Q059::2
part3_selfplay_outputs/self_obscure_20_qwen_Player_1_Obscure.csv,self_obscure_20_qwen_Player_1_Obscure,Q059,G,Things in a toolbox,3,Gasket Washer,gasket washer,0,0,0,Q059::3
part3_selfplay_outputs/self_obscure_20_qwen_Player_1_Obscure.csv,self_obscure_20_qwen_Player_1_Obscure,Q059,G,Things in a toolbox,4,Gasket Washer,gasket washer,0,0,0,Q059::4
part3_selfplay_outputs/self_obscure_20_qwen_Player_1_Obscure.csv,self_obscure_20_qwen_Player_1_Obscure,Q060,H,Countries,0,Heuretola,heuretola,0,0,0,Q060::0
part3_selfplay_outputs/self_obscure_20_qwen_Player_1_Obscure.csv,self_obscure_20_qwen_Player_1_Obscure,Q060,H,Countries,1,Huttah,huttah,0,0,0,Q060::1
part3_selfplay_outputs/self_obscure_20_qwen_Player_1_Obscure.csv,self_obscure_20_qwen_Player_1_Obscure,Q060,H,Countries,2,Haiti,haiti,1,0,1,Q060::2
part3_selfplay_outputs/self_obscure_20_qwen_Player_1_Obscure.csv,self_obscure_20_qwen_Player_1_Obscure,Q060,H,Countries,3,Haiti,haiti,1,0,1,Q060::3
part3_selfplay_outputs/self_obscure_20_qwen_Player_1_Obscure.csv,self_obscure_20_qwen_Player_1_Obscure,Q060,H,Countries,4,Huttah,huttah,0,0,0,Q060::4
part3_selfplay_outputs/self_obscure_20_qwen_Player_1_Obscure.csv,self_obscure_20_qwen_Player_1_Obscure,Q061,I,Musical artists,0,Ichthyophylax,ichthyophylax,0,0,0,Q061::0
part3_selfplay_outputs/self_obscure_20_qwen_Player_1_Obscure.csv,self_obscure_20_qwen_Player_1_Obscure,Q061,I,Musical artists,1,Iona Fritsch,iona fritsch,0,0,0,Q061::1
part3_selfplay_outputs/self_obscure_20_qwen_Player_1_Obscure.csv,self_obscure_20_qwen_Player_1_Obscure,Q061,I,Musical artists,2,Isabelle McKinley,isabelle mckinley,0,0,0,Q061::2
part3_selfplay_outputs/self_obscure_20_qwen_Player_1_Obscure.csv,self_obscure_20_qwen_Player_1_Obscure,Q061,I,Musical artists,3,Inverneith,inverneith,0,0,0,Q061::3
part3_selfplay_outputs/self_obscure_20_qwen_Player_1_Obscure.csv,self_obscure_20_qwen_Player_1_Obscure,Q061,I,Musical artists,4,Ismael Miranda,ismael miranda,1,0,1,Q061::4
part3_selfplay_outputs/self_obscure_20_qwen_Player_1_Obscure.csv,self_obscure_20_qwen_Player_1_Obscure,Q062,J,Things in a refrigerator,0,Jellied Eclair,jellied eclair,0,0,0,Q062::0
part3_selfplay_outputs/self_obscure_20_qwen_Player_1_Obscure.csv,self_obscure_20_qwen_Player_1_Obscure,Q062,J,Things in a refrigerator,1,Jellifiedragonfruitblend,jellifiedragonfruitblend,0,0,0,Q062::1
part3_selfplay_outputs/self_obscure_20_qwen_Player_1_Obscure.csv,self_obscure_20_qwen_Player_1_Obscure,Q062,J,Things in a refrigerator,2,JellyfishJam,jellyfishjam,0,0,0,Q062::2
part3_selfplay_outputs/self_obscure_20_qwen_Player_1_Obscure.csv,self_obscure_20_qwen_Player_1_Obscure,Q062,J,Things in a refrigerator,3,Jellyfish,jellyfish,0,0,0,Q062::3
part3_selfplay_outputs/self_obscure_20_qwen_Player_1_Obscure.csv,self_obscure_20_qwen_Player_1_Obscure,Q062,J,Things in a refrigerator,4,Jello Mold,jello mold,1,0,1,Q062::4
part3_selfplay_outputs/self_obscure_20_qwen_Player_1_Obscure.csv,self_obscure_20_qwen_Player_1_Obscure,Q063,K,Cities,0,Kanoju,kanoju,0,0,0,Q063::0
part3_selfplay_outputs/self_obscure_20_qwen_Player_1_Obscure.csv,self_obscure_20_qwen_Player_1_Obscure,Q063,K,Cities,1,Kaitangana,kaitangana,0,0,0,Q063::1
part3_selfplay_outputs/self_obscure_20_qwen_Player_1_Obscure.csv,self_obscure_20_qwen_Player_1_Obscure,Q063,K,Cities,2,Kefalovrysi,kefalovrysi,0,0,0,Q063::2
part3_selfplay_outputs/self_obscure_20_qwen_Player_1_Obscure.csv,self_obscure_20_qwen_Player_1_Obscure,Q063,K,Cities,3,Kerm Martinique,kerm martinique,0,0,0,Q063::3
part3_selfplay_outputs/self_obscure_20_qwen_Player_1_Obscure.csv,self_obscure_20_qwen_Player_1_Obscure,Q063,K,Cities,4,Kermel-Kerlouacanes,kermel-kerlouacanes,0,0,0,Q063::4
part3_selfplay_outputs/self_obscure_20_qwen_Player_1_Obscure.csv,self_obscure_20_qwen_Player_1_Obscure,Q064,L,Things in a library,0,Libriculture,libriculture,0,0,0,Q064::0
part3_selfplay_outputs/self_obscure_20_qwen_Player_1_Obscure.csv,self_obscure_20_qwen_Player_1_Obscure,Q064,L,Things in a library,1,Libram,libram,0,0,0,Q064::1
part3_selfplay_outputs/self_obscure_20_qwen_Player_1_Obscure.csv,self_obscure_20_qwen_Player_1_Obscure,Q064,L,Things in a library,2,Library dungeon key,library dungeon key,0,0,0,Q064::2
part3_selfplay_outputs/self_obscure_20_qwen_Player_1_Obscure.csv,self_obscure_20_qwen_Player_1_Obscure,Q064,L,Things in a library,3,Lanternslide projector,lanternslide projector,1,0,1,Q064::3
part3_selfplay_outputs/self_obscure_20_qwen_Player_1_Obscure.csv,self_obscure_20_qwen_Player_1_Obscure,Q064,L,Things in a library,4,Lichens,lichens,0,0,0,Q064::4
part3_selfplay_outputs/self_obscure_20_qwen_Player_2_Obscure.csv,self_obscure_20_qwen_Player_2_Obscure,Q001,A,Animals,0,Aardvark,aardvark,1,0,1,Q001::0
part3_selfplay_outputs/self_obscure_20_qwen_Player_2_Obscure.csv,self_obscure_20_qwen_Player_2_Obscure,Q001,A,Animals,1,Aardvark,aardvark,1,0,1,Q001::1
part3_selfplay_outputs/self_obscure_20_qwen_Player_2_Obscure.csv,self_obscure_20_qwen_Player_2_Obscure,Q001,A,Animals,2,Aardvark,aardvark,1,0,1,Q001::2
part3_selfplay_outputs/self_obscure_20_qwen_Player_2_Obscure.csv,self_obscure_20_qwen_Player_2_Obscure,Q001,A,Animals,3,Aardvark,aardvark,1,1,0,Q001::3
part3_selfplay_outputs/self_obscure_20_qwen_Player_2_Obscure.csv,self_obscure_20_qwen_Player_2_Obscure,Q001,A,Animals,4,Albino anteater,albino anteater,0,0,0,Q001::4
part3_selfplay_outputs/self_obscure_20_qwen_Player_2_Obscure.csv,self_obscure_20_qwen_Player_2_Obscure,Q002,A,Jobs,0,Alchemist,alchemist,1,0,1,Q002::0
part3_selfplay_outputs/self_obscure_20_qwen_Player_2_Obscure.csv,self_obscure_20_qwen_Player_2_Obscure,Q002,A,Jobs,1,Amber miner,amber miner,0,0,0,Q002::1
part3_selfplay_outputs/self_obscure_20_qwen_Player_2_Obscure.csv,self_obscure_20_qwen_Player_2_Obscure,Q002,A,Jobs,2,Archivist,archivist,1,0,1,Q002::2
part3_selfplay_outputs/self_obscure_20_qwen_Player_2_Obscure.csv,self_obscure_20_qwen_Player_2_Obscure,Q002,A,Jobs,3,Archivist,archivist,1,0,1,Q002::3
part3_selfplay_outputs/self_obscure_20_qwen_Player_2_Obscure.csv,self_obscure_20_qwen_Player_2_Obscure,Q002,A,Jobs,4,Alabaster cutter,alabaster cutter,0,0,0,Q002::4
part3_selfplay_outputs/self_obscure_20_qwen_Player_2_Obscure.csv,self_obscure_20_qwen_Player_2_Obscure,Q003,B,Fruits,0,Bacuri,bacuri,1,1,0,Q003::0
part3_selfplay_outputs/self_obscure_20_qwen_Player_2_Obscure.csv,self_obscure_20_qwen_Player_2_Obscure,Q003,B,Fruits,1,Bacanora,bacanora,0,0,0,Q003::1
part3_selfplay_outputs/self_obscure_20_qwen_Player_2_Obscure.csv,self_obscure_20_qwen_Player_2_Obscure,Q003,B,Fruits,2,Bunchosia,bunchosia,0,0,0,Q003::2
part3_selfplay_outputs/self_obscure_20_qwen_Player_2_Obscure.csv,self_obscure_20_qwen_Player_2_Obscure,Q003,B,Fruits,3,Bababafruit,bababafruit,0,0,0,Q003::3
part3_selfplay_outputs/self_obscure_20_qwen_Player_2_Obscure.csv,self_obscure_20_qwen_Player_2_Obscure,Q003,B,Fruits,4,Bammy,bammy,0,0,0,Q003::4
part3_selfplay_outputs/self_obscure_20_qwen_Player_2_Obscure.csv,self_obscure_20_qwen_Player_2_Obscure,Q004,B,Things that are red,0,Blood orange bouquet,blood orange bouquet,0,0,0,Q004::0
part3_selfplay_outputs/self_obscure_20_qwen_Player_2_Obscure.csv,self_obscure_20_qwen_Player_2_Obscure,Q004,B,Things that are red,1,Bloodwood fruit,bloodwood fruit,0,0,0,Q004::1
part3_selfplay_outputs/self_obscure_20_qwen_Player_2_Obscure.csv,self_obscure_20_qwen_Player_2_Obscure,Q004,B,Things that are red,2,Bloodberry,bloodberry,0,0,0,Q004::2
part3_selfplay_outputs/self_obscure_20_qwen_Player_2_Obscure.csv,self_obscure_20_qwen_Player_2_Obscure,Q004,B,Things that are red,3,Bloodwood fruit,bloodwood fruit,0,0,0,Q004::3
part3_selfplay_outputs/self_obscure_20_qwen_Player_2_Obscure.csv,self_obscure_20_qwen_Player_2_Obscure,Q004,B,Things that are red,4,Bloodroot flower,bloodroot flower,1,0,1,Q004::4
part3_selfplay_outputs/self_obscure_20_qwen_Player_2_Obscure.csv,self_obscure_20_qwen_Player_2_Obscure,Q005,C,Countries,0,Cycladic Islands,cycladic islands,0,0,0,Q005::0
part3_selfplay_outputs/self_obscure_20_qwen_Player_2_Obscure.csv,self_obscure_20_qwen_Player_2_Obscure,Q005,C,Countries,1,Cocos (Keeling) Islands,cocos (keeling) islands,1,0,1,Q005::1
part3_selfplay_outputs/self_obscure_20_qwen_Player_2_Obscure.csv,self_obscure_20_qwen_Player_2_Obscure,Q005,C,Countries,2,Cocos (Keeling) Islands,cocos (keeling) islands,1,0,1,Q005::2
part3_selfplay_outputs/self_obscure_20_qwen_Player_2_Obscure.csv,self_obscure_20_qwen_Player_2_Obscure,Q005,C,Countries,3,Comoros,comoros,1,0,1,Q005::3
part3_selfplay_outputs/self_obscure_20_qwen_Player_2_Obscure.csv,self_obscure_20_qwen_Player_2_Obscure,Q005,C,Countries,4,Comoros,comoros,1,0,1,Q005::4
part3_selfplay_outputs/self_obscure_20_qwen_Player_2_Obscure.csv,self_obscure_20_qwen_Player_2_Obscure,Q006,C,Board games,0,Carcassonne,carcassonne,1,0,1,Q006::0
part3_selfplay_outputs/self_obscure_20_qwen_Player_2_Obscure.csv,self_obscure_20_qwen_Player_2_Obscure,Q006,C,Board games,1,Crystal Castle,crystal castle,0,0,0,Q006::1
part3_selfplay_outputs/self_obscure_20_qwen_Player_2_Obscure.csv,self_obscure_20_qwen_Player_2_Obscure,Q006,C,Board games,2,Clouzd Dice Quest,clouzd dice quest,0,0,0,Q006::2
part3_selfplay_outputs/self_obscure_20_qwen_Player_2_Obscure.csv,self_obscure_20_qwen_Player_2_Obscure,Q006,C,Board games,3,Crystal Bards Chess,crystal bards chess,0,0,0,Q006::3
part3_selfplay_outputs/self_obscure_20_qwen_Player_2_Obscure.csv,self_obscure_20_qwen_Player_2_Obscure,Q006,C,Board games,4,Cloudburst,cloudburst,0,0,0,Q006::4
part3_selfplay_outputs/self_obscure_20_qwen_Player_2_Obscure.csv,self_obscure_20_qwen_Player_2_Obscure,Q007,D,Musical instruments,0,Didgeridoo,didgeridoo,1,1,0,Q007::0
part3_selfplay_outputs/self_obscure_20_qwen_Player_2_Obscure.csv,self_obscure_20_qwen_Player_2_Obscure,Q007,D,Musical instruments,1,Daf<<(Persian frame drum>>,daf<<(persian frame drum,1,0,1,Q007::1
part3_selfplay_outputs/self_obscure_20_qwen_Player_2_Obscure.csv,self_obscure_20_qwen_Player_2_Obscure,Q007,D,Musical instruments,2,Duduk,duduk,1,0,1,Q007::2
part3_selfplay_outputs/self_obscure_20_qwen_Player_2_Obscure.csv,self_obscure_20_qwen_Player_2_Obscure,Q007,D,Musical instruments,3,Didgeridoo,didgeridoo,1,1,0,Q007::3
part3_selfplay_outputs/self_obscure_20_qwen_Player_2_Obscure.csv,self_obscure_20_qwen_Player_2_Obscure,Q007,D,Musical instruments,4,Dafli,dafli,1,0,1,Q007::4
part3_selfplay_outputs/self_obscure_20_qwen_Player_2_Obscure.csv,self_obscure_20_qwen_Player_2_Obscure,Q008,D,Things in a bathroom,0,Durian soap,durian soap,0,0,0,Q008::0
part3_selfplay_outputs/self_obscure_20_qwen_Player_2_Obscure.csv,self_obscure_20_qwen_Player_2_Obscure,Q008,D,Things in a bathroom,1,Dewickener,dewickener,0,0,0,Q008::1
part3_selfplay_outputs/self_obscure_20_qwen_Player_2_Obscure.csv,self_obscure_20_qwen_Player_2_Obscure,Q008,D,Things in a bathroom,2,Damascene roses soap,damascene roses soap,0,0,0,Q008::2
part3_selfplay_outputs/self_obscure_20_qwen_Player_2_Obscure.csv,self_obscure_20_qwen_Player_2_Obscure,Q008,D,Things in a bathroom,3,Diamond/payment dispenser,diamond/payment dispenser,0,0,0,Q008::3
part3_selfplay_outputs/self_obscure_20_qwen_Player_2_Obscure.csv,self_obscure_20_qwen_Player_2_Obscure,Q008,D,Things in a bathroom,4,doorstop,doorstop,0,0,0,Q008::4
part3_selfplay_outputs/self_obscure_20_qwen_Player_2_Obscure.csv,self_obscure_20_qwen_Player_2_Obscure,Q009,E,Sports,0,Escalating Ekphrasis Events,escalating ekphrasis events,0,0,0,Q009::0
part3_selfplay_outputs/self_obscure_20_qwen_Player_2_Obscure.csv,self_obscure_20_qwen_Player_2_Obscure,Q009,E,Sports,1,Epichlorohydrinethylene Oxide Hockey,epichlorohydrinethylene oxide hockey,0,0,0,Q009::1
part3_selfplay_outputs/self_obscure_20_qwen_Player_2_Obscure.csv,self_obscure_20_qwen_Player_2_Obscure,Q009,E,Sports,2,Escalator Hockey,escalator hockey,0,0,0,Q009::2
part3_selfplay_outputs/self_obscure_20_qwen_Player_2_Obscure.csv,self_obscure_20_qwen_Player_2_Obscure,Q009,E,Sports,3,EquestrianVaulting,equestrianvaulting,0,0,0,Q009::3
part3_selfplay_outputs/self_obscure_20_qwen_Player_2_Obscure.csv,self_obscure_20_qwen_Player_2_Obscure,Q009,E,Sports,4,Epistemology,epistemology,0,0,0,Q009::4
part3_selfplay_outputs/self_obscure_20_qwen_Player_2_Obscure.csv,self_obscure_20_qwen_Player_2_Obscure,Q010,E,Movie titles,0,Excalibur,excalibur,1,0,1,Q010::0
part3_selfplay_outputs/self_obscure_20_qwen_Player_2_Obscure.csv,self_obscure_20_qwen_Player_2_Obscure,Q010,E,Movie titles,1,Eternal Sunlights of the Deep,eternal sunlights of the deep,0,0,0,Q010::1
part3_selfplay_outputs/self_obscure_20_qwen_Player_2_Obscure.csv,self_obscure_20_qwen_Player_2_Obscure,Q010,E,Movie titles,2,Entrapment,entrapment,1,0,1,Q010::2
part3_selfplay_outputs/self_obscure_20_qwen_Player_2_Obscure.csv,self_obscure_20_qwen_Player_2_Obscure,Q010,E,Movie titles,3,Elephant Man: Leave His Bones,elephant man: leave his bones,0,0,0,Q010::3
part3_selfplay_outputs/self_obscure_20_qwen_Player_2_Obscure.csv,self_obscure_20_qwen_Player_2_Obscure,Q010,E,Movie titles,4,Echoes of Silence,echoes of silence,0,0,0,Q010::4
part3_selfplay_outputs/self_obscure_20_qwen_Player_2_Obscure.csv,self_obscure_20_qwen_Player_2_Obscure,Q011,F,Fish,0,Frillfinltefish,frillfinltefish,0,0,0,Q011::0
part3_selfplay_outputs/self_obscure_20_qwen_Player_2_Obscure.csv,self_obscure_20_qwen_Player_2_Obscure,Q011,F,Fish,1,Fluke,fluke,1,0,1,Q011::1
part3_selfplay_outputs/self_obscure_20_qwen_Player_2_Obscure.csv,self_obscure_20_qwen_Player_2_Obscure,Q011,F,Fish,2,Frizzlefin,frizzlefin,0,0,0,Q011::2
part3_selfplay_outputs/self_obscure_20_qwen_Player_2_Obscure.csv,self_obscure_20_qwen_Player_2_Obscure,Q011,F,Fish,3,Flacatina,flacatina,0,0,0,Q011::3
part3_selfplay_outputs/self_obscure_20_qwen_Player_2_Obscure.csv,self_obscure_20_qwen_Player_2_Obscure,Q011,F,Fish,4,Floridichthysswireldaeni,floridichthysswireldaeni,0,0,0,Q011::4
part3_selfplay_outputs/self_obscure_20_qwen_Player_2_Obscure.csv,self_obscure_20_qwen_Player_2_Obscure,Q012,F,Things in a backpack,0,fluorescent fairy light,fluorescent fairy light,0,0,0,Q012::0
part3_selfplay_outputs/self_obscure_20_qwen_Player_2_Obscure.csv,self_obscure_20_qwen_Player_2_Obscure,Q012,F,Things in a backpack,1,fossile fragment,fossile fragment,0,0,0,Q012::1
part3_selfplay_outputs/self_obscure_20_qwen_Player_2_Obscure.csv,self_obscure_20_qwen_Player_2_Obscure,Q012,F,Things in a backpack,2,Frottage flashlight,frottage flashlight,0,0,0,Q012::2
part3_selfplay_outputs/self_obscure_20_qwen_Player_2_Obscure.csv,self_obscure_20_qwen_Player_2_Obscure,Q012,F,Things in a backpack,3,flashlight.FileInputStream,flashlight.fileinputstream,0,0,0,Q012::3
part3_selfplay_outputs/self_obscure_20_qwen_Player_2_Obscure.csv,self_obscure_20_qwen_Player_2_Obscure,Q012,F,Things in a backpack,4,fiddleheads ferns,fiddleheads ferns,0,0,0,Q012::4
part3_selfplay_outputs/self_obscure_20_qwen_Player_2_Obscure.csv,self_obscure_20_qwen_Player_2_Obscure,Q013,G,U.S. states,0,Guam,guam,0,0,0,Q013::0
part3_selfplay_outputs/self_obscure_20_qwen_Player_2_Obscure.csv,self_obscure_20_qwen_Player_2_Obscure,Q013,G,U.S. states,1,Guam,guam,0,0,0,Q013::1
part3_selfplay_outputs/self_obscure_20_qwen_Player_2_Obscure.csv,self_obscure_20_qwen_Player_2_Obscure,Q013,G,U.S. states,2,Guam,guam,0,0,0,Q013::2
part3_selfplay_outputs/self_obscure_20_qwen_Player_2_Obscure.csv,self_obscure_20_qwen_Player_2_Obscure,Q013,G,U.S. states,3,Guam,guam,0,0,0,Q013::3
part3_selfplay_outputs/self_obscure_20_qwen_Player_2_Obscure.csv,self_obscure_20_qwen_Player_2_Obscure,Q013,G,U.S. states,4,Guam,guam,0,0,0,Q013::4
part3_selfplay_outputs/self_obscure_20_qwen_Player_2_Obscure.csv,self_obscure_20_qwen_Player_2_Obscure,Q014,G,Foods,0,Gyratin,gyratin,0,0,0,Q014::0
part3_selfplay_outputs/self_obscure_20_qwen_Player_2_Obscure.csv,self_obscure_20_qwen_Player_2_Obscure,Q014,G,Foods,1,Gorgonzola cheese,gorgonzola cheese,1,0,1,Q014::1
part3_selfplay_outputs/self_obscure_20_qwen_Player_2_Obscure.csv,self_obscure_20_qwen_Player_2_Obscure,Q014,G,Foods,2,GumptionCake,gumptioncake,0,0,0,Q014::2
part3_selfplay_outputs/self_obscure_20_qwen_Player_2_Obscure.csv,self_obscure_20_qwen_Player_2_Obscure,Q014,G,Foods,3,Gelatinous wormгиляк,gelatinous worm,0,0,0,Q014::3
part3_selfplay_outputs/self_obscure_20_qwen_Player_2_Obscure.csv,self_obscure_20_qwen_Player_2_Obscure,Q014,G,Foods,4,Geltzlfer,geltzlfer,0,0,0,Q014::4
part3_selfplay_outputs/self_obscure_20_qwen_Player_2_Obscure.csv,self_obscure_20_qwen_Player_2_Obscure,Q015,H,Famous scientists,0,Hippolyte Levallance,hippolyte levallance,0,0,0,Q015::0
part3_selfplay_outputs/self_obscure_20_qwen_Player_2_Obscure.csv,self_obscure_20_qwen_Player_2_Obscure,Q015,H,Famous scientists,1,Henrietta King,henrietta king,0,0,0,Q015::1
part3_selfplay_outputs/self_obscure_20_qwen_Player_2_Obscure.csv,self_obscure_20_qwen_Player_2_Obscure,Q015,H,Famous scientists,2,Henrietta Leavitt,henrietta leavitt,1,0,1,Q015::2
part3_selfplay_outputs/self_obscure_20_qwen_Player_2_Obscure.csv,self_obscure_20_qwen_Player_2_Obscure,Q015,H,Famous scientists,3,Hippolytus Henry Horner,hippolytus henry horner,0,0,0,Q015::3
part3_selfplay_outputs/self_obscure_20_qwen_Player_2_Obscure.csv,self_obscure_20_qwen_Player_2_Obscure,Q015,H,Famous scientists,4,Heinrich Rohrlich,heinrich rohrlich,0,0,0,Q015::4
part3_selfplay_outputs/self_obscure_20_qwen_Player_2_Obscure.csv,self_obscure_20_qwen_Player_2_Obscure,Q016,H,Things at the beach,0,Huế pot,huế pot,0,0,0,Q016::0
part3_selfplay_outputs/self_obscure_20_qwen_Player_2_Obscure.csv,self_obscure_20_qwen_Player_2_Obscure,Q016,H,Things at the beach,1,Hermit crab hutches,hermit crab hutches,0,0,0,Q016::1
part3_selfplay_outputs/self_obscure_20_qwen_Player_2_Obscure.csv,self_obscure_20_qwen_Player_2_Obscure,Q016,H,Things at the beach,2,Helmet-shaped rock,helmet-shaped rock,0,0,0,Q016::2
part3_selfplay_outputs/self_obscure_20_qwen_Player_2_Obscure.csv,self_obscure_20_qwen_Player_2_Obscure,Q016,H,Things at the beach,3,Hurricane-rated anchors,hurricane-rated anchors,0,0,0,Q016::3
part3_selfplay_outputs/self_obscure_20_qwen_Player_2_Obscure.csv,self_obscure_20_qwen_Player_2_Obscure,Q016,H,Things at the beach,4,Horseshoe crab,horseshoe crab,1,1,0,Q016::4
part3_selfplay_outputs/self_obscure_20_qwen_Player_2_Obscure.csv,self_obscure_20_qwen_Player_2_Obscure,Q017,I,Cities,0,Iwokrama Village,iwokrama village,0,0,0,Q017::0
part3_selfplay_outputs/self_obscure_20_qwen_Player_2_Obscure.csv,self_obscure_20_qwen_Player_2_Obscure,Q017,I,Cities,1,Ixtapa,ixtapa,1,0,1,Q017::1
part3_selfplay_outputs/self_obscure_20_qwen_Player_2_Obscure.csv,self_obscure_20_qwen_Player_2_Obscure,Q017,I,Cities,2,Iquitos,iquitos,1,0,1,Q017::2
part3_selfplay_outputs/self_obscure_20_qwen_Player_2_Obscure.csv,self_obscure_20_qwen_Player_2_Obscure,Q017,I,Cities,3,Ixtlahuaca,ixtlahuaca,1,0,1,Q017::3
part3_selfplay_outputs/self_obscure_20_qwen_Player_2_Obscure.csv,self_obscure_20_qwen_Player_2_Obscure,Q017,I,Cities,4,Invercargill,invercargill,1,0,1,Q017::4
part3_selfplay_outputs/self_obscure_20_qwen_Player_2_Obscure.csv,self_obscure_20_qwen_Player_2_Obscure,Q018,I,Things in a classroom,0,Ivory,ivory,1,0,1,Q018::0
part3_selfplay_outputs/self_obscure_20_qwen_Player_2_Obscure.csv,self_obscure_20_qwen_Player_2_Obscure,Q018,I,Things in a classroom,1,Interactive intelligent intern icon,interactive intelligent intern icon,0,0,0,Q018::1
part3_selfplay_outputs/self_obscure_20_qwen_Player_2_Obscure.csv,self_obscure_20_qwen_Player_2_Obscure,Q018,I,Things in a classroom,2,Ivory,ivory,1,0,1,Q018::2
part3_selfplay_outputs/self_obscure_20_qwen_Player_2_Obscure.csv,self_obscure_20_qwen_Player_2_Obscure,Q018,I,Things in a classroom,3,Ivoryombine,ivoryombine,0,0,0,Q018::3
part3_selfplay_outputs/self_obscure_20_qwen_Player_2_Obscure.csv,self_obscure_20_qwen_Player_2_Obscure,Q018,I,Things in a classroom,4,Inkwell,inkwell,1,0,1,Q018::4
part3_selfplay_outputs/self_obscure_20_qwen_Player_2_Obscure.csv,self_obscure_20_qwen_Player_2_Obscure,Q019,J,Car brands,0,Jowett,jowett,1,0,1,Q019::0
part3_selfplay_outputs/self_obscure_20_qwen_Player_2_Obscure.csv,self_obscure_20_qwen_Player_2_Obscure,Q019,J,Car brands,1,Jaguar,jaguar,1,1,0,Q019::1
part3_selfplay_outputs/self_obscure_20_qwen_Player_2_Obscure.csv,self_obscure_20_qwen_Player_2_Obscure,Q019,J,Car brands,2,Jangon,jangon,0,0,0,Q019::2
part3_selfplay_outputs/self_obscure_20_qwen_Player_2_Obscure.csv,self_obscure_20_qwen_Player_2_Obscure,Q019,J,Car brands,3,Jaguar,jaguar,1,1,0,Q019::3
part3_selfplay_outputs/self_obscure_20_qwen_Player_2_Obscure.csv,self_obscure_20_qwen_Player_2_Obscure,Q019,J,Car brands,4,Jaguar,jaguar,1,1,0,Q019::4
part3_selfplay_outputs/self_obscure_20_qwen_Player_2_Obscure.csv,self_obscure_20_qwen_Player_2_Obscure,Q020,J,Video game titles,0,Jabberwocky Adventure,jabberwocky adventure,0,0,0,Q020::0
part3_selfplay_outputs/self_obscure_20_qwen_Player_2_Obscure.csv,self_obscure_20_qwen_Player_2_Obscure,Q020,J,Video game titles,1,Jettison Jungle Jumpers,jettison jungle jumpers,0,0,0,Q020::1
part3_selfplay_outputs/self_obscure_20_qwen_Player_2_Obscure.csv,self_obscure_20_qwen_Player_2_Obscure,Q020,J,Video game titles,2,Jailhouse Rock'n Roll,jailhouse rock'n roll,0,0,0,Q020::2
part3_selfplay_outputs/self_obscure_20_qwen_Player_2_Obscure.csv,self_obscure_20_qwen_Player_2_Obscure,Q020,J,Video game titles,3,Journey into Mechanism,journey into mechanism,0,0,0,Q020::3
part3_selfplay_outputs/self_obscure_20_qwen_Player_2_Obscure.csv,self_obscure_20_qwen_Player_2_Obscure,Q020,J,Video game titles,4,Juggalovia II,juggalovia ii,0,0,0,Q020::4
part3_selfplay_outputs/self_obscure_20_qwen_Player_2_Obscure.csv,self_obscure_20_qwen_Player_2_Obscure,Q021,K,Superheroes,0,Klystron Kid,klystron kid,0,0,0,Q021::0
part3_selfplay_outputs/self_obscure_20_qwen_Player_2_Obscure.csv,self_obscure_20_qwen_Player_2_Obscure,Q021,K,Superheroes,1,Kylar Braithwaite,kylar braithwaite,0,0,0,Q021::1
part3_selfplay_outputs/self_obscure_20_qwen_Player_2_Obscure.csv,self_obscure_20_qwen_Player_2_Obscure,Q021,K,Superheroes,2,Kylun,kylun,0,0,0,Q021::2
part3_selfplay_outputs/self_obscure_20_qwen_Player_2_Obscure.csv,self_obscure_20_qwen_Player_2_Obscure,Q021,K,Superheroes,3,Kylar Bradbury,kylar bradbury,0,0,0,Q021::3
part3_selfplay_outputs/self_obscure_20_qwen_Player_2_Obscure.csv,self_obscure_20_qwen_Player_2_Obscure,Q021,K,Superheroes,4,Krakken Kaiser,krakken kaiser,0,0,0,Q021::4
part3_selfplay_outputs/self_obscure_20_qwen_Player_2_Obscure.csv,self_obscure_20_qwen_Player_2_Obscure,Q022,K,Things in a grocery store,0,Kelp sheets,kelp sheets,1,0,1,Q022::0
part3_selfplay_outputs/self_obscure_20_qwen_Player_2_Obscure.csv,self_obscure_20_qwen_Player_2_Obscure,Q022,K,Things in a grocery store,1,Kombu seaweed,kombu seaweed,1,0,1,Q022::1
part3_selfplay_outputs/self_obscure_20_qwen_Player_2_Obscure.csv,self_obscure_20_qwen_Player_2_Obscure,Q022,K,Things in a grocery store,2,Kaffir Lime Leaf,kaffir lime leaf,1,0,1,Q022::2
part3_selfplay_outputs/self_obscure_20_qwen_Player_2_Obscure.csv,self_obscure_20_qwen_Player_2_Obscure,Q022,K,Things in a grocery store,3,Kombucha,kombucha,1,0,1,Q022::3
part3_selfplay_outputs/self_obscure_20_qwen_Player_2_Obscure.csv,self_obscure_20_qwen_Player_2_Obscure,Q022,K,Things in a grocery store,4,Kaffir Lime Leaf,kaffir lime leaf,1,0,1,Q022::4
part3_selfplay_outputs/self_obscure_20_qwen_Player_2_Obscure.csv,self_obscure_20_qwen_Player_2_Obscure,Q023,L,Dog breeds,0,Leavitt Lövley Labrador,leavitt lövley labrador,0,0,0,Q023::0
part3_selfplay_outputs/self_obscure_20_qwen_Player_2_Obscure.csv,self_obscure_20_qwen_Player_2_Obscure,Q023,L,Dog breeds,1,Lagotto Romagnolo,lagotto romagnolo,1,1,0,Q023::1
part3_selfplay_outputs/self_obscure_20_qwen_Player_2_Obscure.csv,self_obscure_20_qwen_Player_2_Obscure,Q023,L,Dog breeds,2,Laikas,laikas,1,0,1,Q023::2
part3_selfplay_outputs/self_obscure_20_qwen_Player_2_Obscure.csv,self_obscure_20_qwen_Player_2_Obscure,Q023,L,Dog breeds,3,Lochinvar Wheaten Terrier,lochinvar wheaten terrier,0,0,0,Q023::3
part3_selfplay_outputs/self_obscure_20_qwen_Player_2_Obscure.csv,self_obscure_20_qwen_Player_2_Obscure,Q023,L,Dog breeds,4,Laplandspitz,laplandspitz,0,0,0,Q023::4
part3_selfplay_outputs/self_obscure_20_qwen_Player_2_Obscure.csv,self_obscure_20_qwen_Player_2_Obscure,Q024,L,Books,0,Lycanthrope's Lover,lycanthrope's lover,0,0,0,Q024::0
part3_selfplay_outputs/self_obscure_20_qwen_Player_2_Obscure.csv,self_obscure_20_qwen_Player_2_Obscure,Q024,L,Books,1,Leatherstocking Tales,leatherstocking tales,1,0,1,Q024::1
part3_selfplay_outputs/self_obscure_20_qwen_Player_2_Obscure.csv,self_obscure_20_qwen_Player_2_Obscure,Q024,L,Books,2,Leprosy: A Novel,leprosy: a novel,0,0,0,Q024::2
part3_selfplay_outputs/self_obscure_20_qwen_Player_2_Obscure.csv,self_obscure_20_qwen_Player_2_Obscure,Q024,L,Books,3,Leviathan Wakes,leviathan wakes,1,0,1,Q024::3
part3_selfplay_outputs/self_obscure_20_qwen_Player_2_Obscure.csv,self_obscure_20_qwen_Player_2_Obscure,Q024,L,Books,4,Lysistrata: A Comedy by Aristophanes,lysistrata: a comedy by aristophanes,1,0,1,Q024::4
part3_selfplay_outputs/self_obscure_20_qwen_Player_2_Obscure.csv,self_obscure_20_qwen_Player_2_Obscure,Q025,M,Languages,0,Mbabui语,mbabui,0,0,0,Q025::0
part3_selfplay_outputs/self_obscure_20_qwen_Player_2_Obscure.csv,self_obscure_20_qwen_Player_2_Obscure,Q025,M,Languages,1,Mokkaren,mokkaren,0,0,0,Q025::1
part3_selfplay_outputs/self_obscure_20_qwen_Player_2_Obscure.csv,self_obscure_20_qwen_Player_2_Obscure,Q025,M,Languages,2,Munda,munda,1,0,1,Q025::2
part3_selfplay_outputs/self_obscure_20_qwen_Player_2_Obscure.csv,self_obscure_20_qwen_Player_2_Obscure,Q025,M,Languages,3,Miskito,miskito,1,0,1,Q025::3
part3_selfplay_outputs/self_obscure_20_qwen_Player_2_Obscure.csv,self_obscure_20_qwen_Player_2_Obscure,Q025,M,Languages,4,Mbaare,mbaare,0,0,0,Q025::4
part3_selfplay_outputs/self_obscure_20_qwen_Player_2_Obscure.csv,self_obscure_20_qwen_Player_2_Obscure,Q026,M,Clothing items,0,Mourning veil,mourning veil,1,0,1,Q026::0
part3_selfplay_outputs/self_obscure_20_qwen_Player_2_Obscure.csv,self_obscure_20_qwen_Player_2_Obscure,Q026,M,Clothing items,1,MermaidTail,mermaidtail,0,0,0,Q026::1
part3_selfplay_outputs/self_obscure_20_qwen_Player_2_Obscure.csv,self_obscure_20_qwen_Player_2_Obscure,Q026,M,Clothing items,2,Mourning veil,mourning veil,1,0,1,Q026::2
part3_selfplay_outputs/self_obscure_20_qwen_Player_2_Obscure.csv,self_obscure_20_qwen_Player_2_Obscure,Q026,M,Clothing items,3,Minkfur,minkfur,0,0,0,Q026::3
part3_selfplay_outputs/self_obscure_20_qwen_Player_2_Obscure.csv,self_obscure_20_qwen_Player_2_Obscure,Q026,M,Clothing items,4,Mousseline Mittens,mousseline mittens,1,0,1,Q026::4
part3_selfplay_outputs/self_obscure_20_qwen_Player_2_Obscure.csv,self_obscure_20_qwen_Player_2_Obscure,Q027,N,Birds,0,Niltava,niltava,1,0,1,Q027::0
part3_selfplay_outputs/self_obscure_20_qwen_Player_2_Obscure.csv,self_obscure_20_qwen_Player_2_Obscure,Q027,N,Birds,1,Nkisi Raven,nkisi raven,0,0,0,Q027::1
part3_selfplay_outputs/self_obscure_20_qwen_Player_2_Obscure.csv,self_obscure_20_qwen_Player_2_Obscure,Q027,N,Birds,2,Nightjar,nightjar,1,1,0,Q027::2
part3_selfplay_outputs/self_obscure_20_qwen_Player_2_Obscure.csv,self_obscure_20_qwen_Player_2_Obscure,Q027,N,Birds,3,Néné,nén,0,0,0,Q027::3
part3_selfplay_outputs/self_obscure_20_qwen_Player_2_Obscure.csv,self_obscure_20_qwen_Player_2_Obscure,Q027,N,Birds,4,Ninox namaea,ninox namaea,1,0,1,Q027::4
part3_selfplay_outputs/self_obscure_20_qwen_Player_2_Obscure.csv,self_obscure_20_qwen_Player_2_Obscure,Q028,N,Things in a hospital,0,Nefertiti lamp,nefertiti lamp,0,0,0,Q028::0
part3_selfplay_outputs/self_obscure_20_qwen_Player_2_Obscure.csv,self_obscure_20_qwen_Player_2_Obscure,Q028,N,Things in a hospital,1,Nephrectomy record,nephrectomy record,0,0,0,Q028::1
part3_selfplay_outputs/self_obscure_20_qwen_Player_2_Obscure.csv,self_obscure_20_qwen_Player_2_Obscure,Q028,N,Things in a hospital,2,Neurosurgical turbine needle,neurosurgical turbine needle,0,0,0,Q028::2
part3_selfplay_outputs/self_obscure_20_qwen_Player_2_Obscure.csv,self_obscure_20_qwen_Player_2_Obscure,Q028,N,Things in a hospital,3,NeurosurgeryNavigable Network Node,neurosurgerynavigable network node,0,0,0,Q028::3
part3_selfplay_outputs/self_obscure_20_qwen_Player_2_Obscure.csv,self_obscure_20_qwen_Player_2_Obscure,Q028,N,Things in a hospital,4,Nurse's nocturnal notation notebook,nurse's nocturnal notation notebook,0,0,0,Q028::4
part3_selfplay_outputs/self_obscure_20_qwen_Player_2_Obscure.csv,self_obscure_20_qwen_Player_2_Obscure,Q029,O,Companies,0,Ozoelectron,ozoelectron,0,0,0,Q029::0
part3_selfplay_outputs/self_obscure_20_qwen_Player_2_Obscure.csv,self_obscure_20_qwen_Player_2_Obscure,Q029,O,Companies,1,Ophir Semiconductors,ophir semiconductors,0,0,0,Q029::1
part3_selfplay_outputs/self_obscure_20_qwen_Player_2_Obscure.csv,self_obscure_20_qwen_Player_2_Obscure,Q029,O,Companies,2,Orcutt Oil Tools,orcutt oil tools,0,0,0,Q029::2
part3_selfplay_outputs/self_obscure_20_qwen_Player_2_Obscure.csv,self_obscure_20_qwen_Player_2_Obscure,Q029,O,Companies,3,Oology Enterprises,oology enterprises,0,0,0,Q029::3
part3_selfplay_outputs/self_obscure_20_qwen_Player_2_Obscure.csv,self_obscure_20_qwen_Player_2_Obscure,Q029,O,Companies,4,Oxytherm,oxytherm,0,0,0,Q029::4
part3_selfplay_outputs/self_obscure_20_qwen_Player_2_Obscure.csv,self_obscure_20_qwen_Player_2_Obscure,Q030,O,Things in the sky,0,Oort cloud,oort cloud,1,1,0,Q030::0
part3_selfplay_outputs/self_obscure_20_qwen_Player_2_Obscure.csv,self_obscure_20_qwen_Player_2_Obscure,Q030,O,Things in the sky,1,Oort cloud,oort cloud,1,0,1,Q030::1
part3_selfplay_outputs/self_obscure_20_qwen_Player_2_Obscure.csv,self_obscure_20_qwen_Player_2_Obscure,Q030,O,Things in the sky,2,Oort cloud comet tailfragment,oort cloud comet tailfragment,0,0,0,Q030::2
part3_selfplay_outputs/self_obscure_20_qwen_Player_2_Obscure.csv,self_obscure_20_qwen_Player_2_Obscure,Q030,O,Things in the sky,3,Oort cloud comet tail,oort cloud comet tail,0,0,0,Q030::3
part3_selfplay_outputs/self_obscure_20_qwen_Player_2_Obscure.csv,self_obscure_20_qwen_Player_2_Obscure,Q030,O,Things in the sky,4,Oort云,oort,1,0,1,Q030::4
part3_selfplay_outputs/self_obscure_20_qwen_Player_2_Obscure.csv,self_obscure_20_qwen_Player_2_Obscure,Q031,P,Vegetables,0,PseudoparascaleSingleNodeBeanPod,pseudoparascalesinglenodebeanpod,0,0,0,Q031::0
part3_selfplay_outputs/self_obscure_20_qwen_Player_2_Obscure.csv,self_obscure_20_qwen_Player_2_Obscure,Q031,P,Vegetables,1,Pitaya,pitaya,0,0,0,Q031::1
part3_selfplay_outputs/self_obscure_20_qwen_Player_2_Obscure.csv,self_obscure_20_qwen_Player_2_Obscure,Q031,P,Vegetables,2,Poiseteria lobata,poiseteria lobata,0,0,0,Q031::2
part3_selfplay_outputs/self_obscure_20_qwen_Player_2_Obscure.csv,self_obscure_20_qwen_Player_2_Obscure,Q031,P,Vegetables,3,Pulquflate,pulquflate,0,0,0,Q031::3
part3_selfplay_outputs/self_obscure_20_qwen_Player_2_Obscure.csv,self_obscure_20_qwen_Player_2_Obscure,Q031,P,Vegetables,4,Pitayabean,pitayabean,0,0,0,Q031::4
part3_selfplay_outputs/self_obscure_20_qwen_Player_2_Obscure.csv,self_obscure_20_qwen_Player_2_Obscure,Q032,P,Historical figures,0,Pope Formosus,pope formosus,1,0,1,Q032::0
part3_selfplay_outputs/self_obscure_20_qwen_Player_2_Obscure.csv,self_obscure_20_qwen_Player_2_Obscure,Q032,P,Historical figures,1,Ptolemy克拉特鲁,ptolemy,1,0,1,Q032::1
part3_selfplay_outputs/self_obscure_20_qwen_Player_2_Obscure.csv,self_obscure_20_qwen_Player_2_Obscure,Q032,P,Historical figures,2,Ptolemyatoes,ptolemyatoes,0,0,0,Q032::2
part3_selfplay_outputs/self_obscure_20_qwen_Player_2_Obscure.csv,self_obscure_20_qwen_Player_2_Obscure,Q032,P,Historical figures,3,Pope Gregory VII,pope gregory vii,1,0,1,Q032::3
part3_selfplay_outputs/self_obscure_20_qwen_Player_2_Obscure.csv,self_obscure_20_qwen_Player_2_Obscure,Q032,P,Historical figures,4,Ptolemy一世腓力普一世,ptolemy,1,1,0,Q032::4
part3_selfplay_outputs/self_obscure_20_qwen_Player_2_Obscure.csv,self_obscure_20_qwen_Player_2_Obscure,Q033,Q,Words in English,0,Quicksilver,quicksilver,1,0,1,Q033::0
part3_selfplay_outputs/self_obscure_20_qwen_Player_2_Obscure.csv,self_obscure_20_qwen_Player_2_Obscure,Q033,Q,Words in English,1,Quackery,quackery,1,0,1,Q033::1
part3_selfplay_outputs/self_obscure_20_qwen_Player_2_Obscure.csv,self_obscure_20_qwen_Player_2_Obscure,Q033,Q,Words in English,2,Quaggaquine,quaggaquine,0,0,0,Q033::2
part3_selfplay_outputs/self_obscure_20_qwen_Player_2_Obscure.csv,self_obscure_20_qwen_Player_2_Obscure,Q033,Q,Words in English,3,Quintessential,quintessential,1,0,1,Q033::3
part3_selfplay_outputs/self_obscure_20_qwen_Player_2_Obscure.csv,self_obscure_20_qwen_Player_2_Obscure,Q033,Q,Words in English,4,Quintessence,quintessence,1,0,1,Q033::4
part3_selfplay_outputs/self_obscure_20_qwen_Player_2_Obscure.csv,self_obscure_20_qwen_Player_2_Obscure,Q034,Q,Fictional characters,0,Quigley from The Princess Bride,quigley from the princess bride,0,0,0,Q034::0
part3_selfplay_outputs/self_obscure_20_qwen_Player_2_Obscure.csv,self_obscure_20_qwen_Player_2_Obscure,Q034,Q,Fictional characters,1,Quetzalcoatl,quetzalcoatl,0,0,0,Q034::1
part3_selfplay_outputs/self_obscure_20_qwen_Player_2_Obscure.csv,self_obscure_20_qwen_Player_2_Obscure,Q034,Q,Fictional characters,2,Quagmire J. Runkley III,quagmire j. runkley iii,0,0,0,Q034::2
part3_selfplay_outputs/self_obscure_20_qwen_Player_2_Obscure.csv,self_obscure_20_qwen_Player_2_Obscure,Q034,Q,Fictional characters,3,Quillvert Widdershins,quillvert widdershins,0,0,0,Q034::3
part3_selfplay_outputs/self_obscure_20_qwen_Player_2_Obscure.csv,self_obscure_20_qwen_Player_2_Obscure,Q034,Q,Fictional characters,4,Quimby Quartz,quimby quartz,0,0,0,Q034::4
part3_selfplay_outputs/self_obscure_20_qwen_Player_2_Obscure.csv,self_obscure_20_qwen_Player_2_Obscure,Q035,R,Songs,0,Rainbow Connection,rainbow connection,1,0,1,Q035::0
part3_selfplay_outputs/self_obscure_20_qwen_Player_2_Obscure.csv,self_obscure_20_qwen_Player_2_Obscure,Q035,R,Songs,1,River Flows in You,river flows in you,0,0,0,Q035::1
part3_selfplay_outputs/self_obscure_20_qwen_Player_2_Obscure.csv,self_obscure_20_qwen_Player_2_Obscure,Q035,R,Songs,2,Rainbow Connections,rainbow connections,0,0,0,Q035::2
part3_selfplay_outputs/self_obscure_20_qwen_Player_2_Obscure.csv,self_obscure_20_qwen_Player_2_Obscure,Q035,R,Songs,3,Ravelo,ravelo,0,0,0,Q035::3
part3_selfplay_outputs/self_obscure_20_qwen_Player_2_Obscure.csv,self_obscure_20_qwen_Player_2_Obscure,Q035,R,Songs,4,River Flows in You,river flows in you,0,0,0,Q035::4
part3_selfplay_outputs/self_obscure_20_qwen_Player_2_Obscure.csv,self_obscure_20_qwen_Player_2_Obscure,Q036,R,Tools,0,Rovanello,rovanello,0,0,0,Q036::0
part3_selfplay_outputs/self_obscure_20_qwen_Player_2_Obscure.csv,self_obscure_20_qwen_Player_2_Obscure,Q036,R,Tools,1,Rocking Retort Warner,rocking retort warner,0,0,0,Q036::1
part3_selfplay_outputs/self_obscure_20_qwen_Player_2_Obscure.csv,self_obscure_20_qwen_Player_2_Obscure,Q036,R,Tools,2,Radial-adjustment screwdriver,radial-adjustment screwdriver,0,0,0,Q036::2
part3_selfplay_outputs/self_obscure_20_qwen_Player_2_Obscure.csv,self_obscure_20_qwen_Player_2_Obscure,Q036,R,Tools,3,Radishℜ剥皮器,radish,0,0,0,Q036::3
part3_selfplay_outputs/self_obscure_20_qwen_Player_2_Obscure.csv,self_obscure_20_qwen_Player_2_Obscure,Q036,R,Tools,4,Rhinoscopic mirror,rhinoscopic mirror,0,0,0,Q036::4
part3_selfplay_outputs/self_obscure_20_qwen_Player_2_Obscure.csv,self_obscure_20_qwen_Player_2_Obscure,Q037,S,Animals,0,Snotnose,snotnose,0,0,0,Q037::0
part3_selfplay_outputs/self_obscure_20_qwen_Player_2_Obscure.csv,self_obscure_20_qwen_Player_2_Obscure,Q037,S,Animals,1,Sundabuli whale,sundabuli whale,0,0,0,Q037::1
part3_selfplay_outputs/self_obscure_20_qwen_Player_2_Obscure.csv,self_obscure_20_qwen_Player_2_Obscure,Q037,S,Animals,2,Sundabuli monkey,sundabuli monkey,0,0,0,Q037::2
part3_selfplay_outputs/self_obscure_20_qwen_Player_2_Obscure.csv,self_obscure_20_qwen_Player_2_Obscure,Q037,S,Animals,3,Slothbear,slothbear,0,0,0,Q037::3
part3_selfplay_outputs/self_obscure_20_qwen_Player_2_Obscure.csv,self_obscure_20_qwen_Player_2_Obscure,Q037,S,Animals,4,Sladenia,sladenia,0,0,0,Q037::4
part3_selfplay_outputs/self_obscure_20_qwen_Player_2_Obscure.csv,self_obscure_20_qwen_Player_2_Obscure,Q038,S,Things in an office,0,Scottish plaid tapestry,scottish plaid tapestry,0,0,0,Q038::0
part3_selfplay_outputs/self_obscure_20_qwen_Player_2_Obscure.csv,self_obscure_20_qwen_Player_2_Obscure,Q038,S,Things in an office,1,SafetyConesStand,safetyconesstand,0,0,0,Q038::1
part3_selfplay_outputs/self_obscure_20_qwen_Player_2_Obscure.csv,self_obscure_20_qwen_Player_2_Obscure,Q038,S,Things in an office,2,Sock puppet,sock puppet,0,0,0,Q038::2
part3_selfplay_outputs/self_obscure_20_qwen_Player_2_Obscure.csv,self_obscure_20_qwen_Player_2_Obscure,Q038,S,Things in an office,3,Scorpioalteza,scorpioalteza,0,0,0,Q038::3
part3_selfplay_outputs/self_obscure_20_qwen_Player_2_Obscure.csv,self_obscure_20_qwen_Player_2_Obscure,Q038,S,Things in an office,4,Secretarial stencil,secretarial stencil,0,0,0,Q038::4
part3_selfplay_outputs/self_obscure_20_qwen_Player_2_Obscure.csv,self_obscure_20_qwen_Player_2_Obscure,Q039,T,Countries,0,Tuvalu,tuvalu,1,1,0,Q039::0
part3_selfplay_outputs/self_obscure_20_qwen_Player_2_Obscure.csv,self_obscure_20_qwen_Player_2_Obscure,Q039,T,Countries,1,Tonga,tonga,1,0,1,Q039::1
part3_selfplay_outputs/self_obscure_20_qwen_Player_2_Obscure.csv,self_obscure_20_qwen_Player_2_Obscure,Q039,T,Countries,2,Tuvalu,tuvalu,1,0,1,Q039::2
part3_selfplay_outputs/self_obscure_20_qwen_Player_2_Obscure.csv,self_obscure_20_qwen_Player_2_Obscure,Q039,T,Countries,3,"Tongliao City, China","tongliao city, china",0,0,0,Q039::3
part3_selfplay_outputs/self_obscure_20_qwen_Player_2_Obscure.csv,self_obscure_20_qwen_Player_2_Obscure,Q039,T,Countries,4,Tuvalu,tuvalu,1,0,1,Q039::4
part3_selfplay_outputs/self_obscure_20_qwen_Player_2_Obscure.csv,self_obscure_20_qwen_Player_2_Obscure,Q040,T,TV shows,0,The Treasure粱山,the treasure,0,0,0,Q040::0
part3_selfplay_outputs/self_obscure_20_qwen_Player_2_Obscure.csv,self_obscure_20_qwen_Player_2_Obscure,Q040,T,TV shows,1,Twin Town,twin town,0,0,0,Q040::1
part3_selfplay_outputs/self_obscure_20_qwen_Player_2_Obscure.csv,self_obscure_20_qwen_Player_2_Obscure,Q040,T,TV shows,2,Twin Peaks,twin peaks,1,1,0,Q040::2
part3_selfplay_outputs/self_obscure_20_qwen_Player_2_Obscure.csv,self_obscure_20_qwen_Player_2_Obscure,Q040,T,TV shows,3,Twin Town,twin town,0,0,0,Q040::3
part3_selfplay_outputs/self_obscure_20_qwen_Player_2_Obscure.csv,self_obscure_20_qwen_Player_2_Obscure,Q040,T,TV shows,4,Twin Peaks: Fire Walk With Me,twin peaks: fire walk with me,0,0,0,Q040::4
part3_selfplay_outputs/self_obscure_20_qwen_Player_2_Obscure.csv,self_obscure_20_qwen_Player_2_Obscure,Q041,U,U.S. colleges,0,University of the Pacific,university of the pacific,1,0,1,Q041::0
part3_selfplay_outputs/self_obscure_20_qwen_Player_2_Obscure.csv,self_obscure_20_qwen_Player_2_Obscure,Q041,U,U.S. colleges,1,University of the Arts,university of the arts,1,0,1,Q041::1
part3_selfplay_outputs/self_obscure_20_qwen_Player_2_Obscure.csv,self_obscure_20_qwen_Player_2_Obscure,Q041,U,U.S. colleges,2,University of the Pacific,university of the pacific,1,1,0,Q041::2
part3_selfplay_outputs/self_obscure_20_qwen_Player_2_Obscure.csv,self_obscure_20_qwen_Player_2_Obscure,Q041,U,U.S. colleges,3,University of the Pacific,university of the pacific,1,1,0,Q041::3
part3_selfplay_outputs/self_obscure_20_qwen_Player_2_Obscure.csv,self_obscure_20_qwen_Player_2_Obscure,Q041,U,U.S. colleges,4,University of Saint Joseph,university of saint joseph,1,0,1,Q041::4
part3_selfplay_outputs/self_obscure_20_qwen_Player_2_Obscure.csv,self_obscure_20_qwen_Player_2_Obscure,Q042,U,Things in a garage,0,Umbrellabird\uff08taxidermy\uff09,umbrellabird\uff08taxidermy\uff09,0,0,0,Q042::0
part3_selfplay_outputs/self_obscure_20_qwen_Player_2_Obscure.csv,self_obscure_20_qwen_Player_2_Obscure,Q042,U,Things in a garage,1,Uniportal,uniportal,0,0,0,Q042::1
part3_selfplay_outputs/self_obscure_20_qwen_Player_2_Obscure.csv,self_obscure_20_qwen_Player_2_Obscure,Q042,U,Things in a garage,2,Unicellularorganismsugeon,unicellularorganismsugeon,0,0,0,Q042::2
part3_selfplay_outputs/self_obscure_20_qwen_Player_2_Obscure.csv,self_obscure_20_qwen_Player_2_Obscure,Q042,U,Things in a garage,3,Urethane stripper,urethane stripper,1,0,1,Q042::3
part3_selfplay_outputs/self_obscure_20_qwen_Player_2_Obscure.csv,self_obscure_20_qwen_Player_2_Obscure,Q042,U,Things in a garage,4,Uniwheel,uniwheel,0,0,0,Q042::4
part3_selfplay_outputs/self_obscure_20_qwen_Player_2_Obscure.csv,self_obscure_20_qwen_Player_2_Obscure,Q043,V,Jobs,0,Vexillographer,vexillographer,1,0,1,Q043::0
part3_selfplay_outputs/self_obscure_20_qwen_Player_2_Obscure.csv,self_obscure_20_qwen_Player_2_Obscure,Q043,V,Jobs,1,Vintner,vintner,1,0,1,Q043::1
part3_selfplay_outputs/self_obscure_20_qwen_Player_2_Obscure.csv,self_obscure_20_qwen_Player_2_Obscure,Q043,V,Jobs,2,Ventriloquist,ventriloquist,1,0,1,Q043::2
part3_selfplay_outputs/self_obscure_20_qwen_Player_2_Obscure.csv,self_obscure_20_qwen_Player_2_Obscure,Q043,V,Jobs,3,Ventriloquist,ventriloquist,1,1,0,Q043::3
part3_selfplay_outputs/self_obscure_20_qwen_Player_2_Obscure.csv,self_obscure_20_qwen_Player_2_Obscure,Q043,V,Jobs,4,Vexillologist,vexillologist,1,0,1,Q043::4
part3_selfplay_outputs/self_obscure_20_qwen_Player_2_Obscure.csv,self_obscure_20_qwen_Player_2_Obscure,Q044,V,Things you wear,0,vibrissae veils,vibrissae veils,0,0,0,Q044::0
part3_selfplay_outputs/self_obscure_20_qwen_Player_2_Obscure.csv,self_obscure_20_qwen_Player_2_Obscure,Q044,V,Things you wear,1,vambrace,vambrace,1,0,1,Q044::1
part3_selfplay_outputs/self_obscure_20_qwen_Player_2_Obscure.csv,self_obscure_20_qwen_Player_2_Obscure,Q044,V,Things you wear,2,veilved gloves,veilved gloves,0,0,0,Q044::2
part3_selfplay_outputs/self_obscure_20_qwen_Player_2_Obscure.csv,self_obscure_20_qwen_Player_2_Obscure,Q044,V,Things you wear,3,veneer veneer gloves,veneer veneer gloves,0,0,0,Q044::3
part3_selfplay_outputs/self_obscure_20_qwen_Player_2_Obscure.csv,self_obscure_20_qwen_Player_2_Obscure,Q044,V,Things you wear,4,velour vestiges,velour vestiges,0,0,0,Q044::4
part3_selfplay_outputs/self_obscure_20_qwen_Player_2_Obscure.csv,self_obscure_20_qwen_Player_2_Obscure,Q045,W,Cities,0,Warruwi,warruwi,0,0,0,Q045::0
part3_selfplay_outputs/self_obscure_20_qwen_Player_2_Obscure.csv,self_obscure_20_qwen_Player_2_Obscure,Q045,W,Cities,1,Wviskey River,wviskey river,0,0,0,Q045::1
part3_selfplay_outputs/self_obscure_20_qwen_Player_2_Obscure.csv,self_obscure_20_qwen_Player_2_Obscure,Q045,W,Cities,2,Wanganui,wanganui,1,0,1,Q045::2
part3_selfplay_outputs/self_obscure_20_qwen_Player_2_Obscure.csv,self_obscure_20_qwen_Player_2_Obscure,Q045,W,Cities,3,Winnipeg,winnipeg,1,0,1,Q045::3
part3_selfplay_outputs/self_obscure_20_qwen_Player_2_Obscure.csv,self_obscure_20_qwen_Player_2_Obscure,Q045,W,Cities,4,Wacoan,wacoan,0,0,0,Q045::4
part3_selfplay_outputs/self_obscure_20_qwen_Player_2_Obscure.csv,self_obscure_20_qwen_Player_2_Obscure,Q046,W,Things in a park,0,Willowleaf,willowleaf,0,0,0,Q046::0
part3_selfplay_outputs/self_obscure_20_qwen_Player_2_Obscure.csv,self_obscure_20_qwen_Player_2_Obscure,Q046,W,Things in a park,1,Wisteriaandelier,wisteriaandelier,0,0,0,Q046::1
part3_selfplay_outputs/self_obscure_20_qwen_Player_2_Obscure.csv,self_obscure_20_qwen_Player_2_Obscure,Q046,W,Things in a park,2,Watermelon.Slice.Wilted,watermelon.slice.wilted,0,0,0,Q046::2
part3_selfplay_outputs/self_obscure_20_qwen_Player_2_Obscure.csv,self_obscure_20_qwen_Player_2_Obscure,Q046,W,Things in a park,3,Whimsical Windmill Wall Art,whimsical windmill wall art,0,0,0,Q046::3
part3_selfplay_outputs/self_obscure_20_qwen_Player_2_Obscure.csv,self_obscure_20_qwen_Player_2_Obscure,Q046,W,Things in a park,4,Watering Can Weed Wagon,watering can weed wagon,1,0,1,Q046::4
part3_selfplay_outputs/self_obscure_20_qwen_Player_2_Obscure.csv,self_obscure_20_qwen_Player_2_Obscure,Q047,X,Brands,0,Xylose,xylose,0,0,0,Q047::0
part3_selfplay_outputs/self_obscure_20_qwen_Player_2_Obscure.csv,self_obscure_20_qwen_Player_2_Obscure,Q047,X,Brands,1,Xylogix,xylogix,0,0,0,Q047::1
part3_selfplay_outputs/self_obscure_20_qwen_Player_2_Obscure.csv,self_obscure_20_qwen_Player_2_Obscure,Q047,X,Brands,2,Xylospongiosus,xylospongiosus,0,0,0,Q047::2
part3_selfplay_outputs/self_obscure_20_qwen_Player_2_Obscure.csv,self_obscure_20_qwen_Player_2_Obscure,Q047,X,Brands,3,Xylda,xylda,0,0,0,Q047::3
part3_selfplay_outputs/self_obscure_20_qwen_Player_2_Obscure.csv,self_obscure_20_qwen_Player_2_Obscure,Q047,X,Brands,4,Xypron,xypron,0,0,0,Q047::4
part3_selfplay_outputs/self_obscure_20_qwen_Player_2_Obscure.csv,self_obscure_20_qwen_Player_2_Obscure,Q048,X,Words in English,0,Xylography,xylography,1,0,1,Q048::0
part3_selfplay_outputs/self_obscure_20_qwen_Player_2_Obscure.csv,self_obscure_20_qwen_Player_2_Obscure,Q048,X,Words in English,1,Xylography,xylography,1,0,1,Q048::1
part3_selfplay_outputs/self_obscure_20_qwen_Player_2_Obscure.csv,self_obscure_20_qwen_Player_2_Obscure,Q048,X,Words in English,2,Xylographer,xylographer,1,0,1,Q048::2
part3_selfplay_outputs/self_obscure_20_qwen_Player_2_Obscure.csv,self_obscure_20_qwen_Player_2_Obscure,Q048,X,Words in English,3,Xylophone,xylophone,1,0,1,Q048::3
part3_selfplay_outputs/self_obscure_20_qwen_Player_2_Obscure.csv,self_obscure_20_qwen_Player_2_Obscure,Q048,X,Words in English,4,Xylophylogeny,xylophylogeny,1,0,1,Q048::4
part3_selfplay_outputs/self_obscure_20_qwen_Player_2_Obscure.csv,self_obscure_20_qwen_Player_2_Obscure,Q049,Y,Foods,0,Yam-Yam noodles,yam-yam noodles,0,0,0,Q049::0
part3_selfplay_outputs/self_obscure_20_qwen_Player_2_Obscure.csv,self_obscure_20_qwen_Player_2_Obscure,Q049,Y,Foods,1,Yakult,yakult,1,0,1,Q049::1
part3_selfplay_outputs/self_obscure_20_qwen_Player_2_Obscure.csv,self_obscure_20_qwen_Player_2_Obscure,Q049,Y,Foods,2,Ylang getYlang seed pod powder,ylang getylang seed pod powder,0,0,0,Q049::2
part3_selfplay_outputs/self_obscure_20_qwen_Player_2_Obscure.csv,self_obscure_20_qwen_Player_2_Obscure,Q049,Y,Foods,3,Yucca fries,yucca fries,1,0,1,Q049::3
part3_selfplay_outputs/self_obscure_20_qwen_Player_2_Obscure.csv,self_obscure_20_qwen_Player_2_Obscure,Q049,Y,Foods,4,Ylang-Ylang bud fruit,ylang-ylang bud fruit,0,0,0,Q049::4
part3_selfplay_outputs/self_obscure_20_qwen_Player_2_Obscure.csv,self_obscure_20_qwen_Player_2_Obscure,Q050,Y,Things at a party,0,Yarrow blirie,yarrow blirie,0,0,0,Q050::0
part3_selfplay_outputs/self_obscure_20_qwen_Player_2_Obscure.csv,self_obscure_20_qwen_Player_2_Obscure,Q050,Y,Things at a party,1,Yarnspinner game,yarnspinner game,0,0,0,Q050::1
part3_selfplay_outputs/self_obscure_20_qwen_Player_2_Obscure.csv,self_obscure_20_qwen_Player_2_Obscure,Q050,Y,Things at a party,2,Yellow submariner submarine sandwich,yellow submariner submarine sandwich,0,0,0,Q050::2
part3_selfplay_outputs/self_obscure_20_qwen_Player_2_Obscure.csv,self_obscure_20_qwen_Player_2_Obscure,Q050,Y,Things at a party,3,Yacht migliorezza,yacht migliorezza,0,0,0,Q050::3
part3_selfplay_outputs/self_obscure_20_qwen_Player_2_Obscure.csv,self_obscure_20_qwen_Player_2_Obscure,Q050,Y,Things at a party,4,Yachtzee variation game,yachtzee variation game,0,0,0,Q050::4
part3_selfplay_outputs/self_obscure_20_qwen_Player_2_Obscure.csv,self_obscure_20_qwen_Player_2_Obscure,Q051,Z,Animals,0,Zorilla,zorilla,1,1,0,Q051::0
part3_selfplay_outputs/self_obscure_20_qwen_Player_2_Obscure.csv,self_obscure_20_qwen_Player_2_Obscure,Q051,Z,Animals,1,Zorilla,zorilla,1,1,0,Q051::1
part3_selfplay_outputs/self_obscure_20_qwen_Player_2_Obscure.csv,self_obscure_20_qwen_Player_2_Obscure,Q051,Z,Animals,2,Zorilla,zorilla,1,1,0,Q051::2
part3_selfplay_outputs/self_obscure_20_qwen_Player_2_Obscure.csv,self_obscure_20_qwen_Player_2_Obscure,Q051,Z,Animals,3,Zorilla,zorilla,1,1,0,Q051::3
part3_selfplay_outputs/self_obscure_20_qwen_Player_2_Obscure.csv,self_obscure_20_qwen_Player_2_Obscure,Q051,Z,Animals,4,Zorilla,zorilla,1,1,0,Q051::4
part3_selfplay_outputs/self_obscure_20_qwen_Player_2_Obscure.csv,self_obscure_20_qwen_Player_2_Obscure,Q052,Z,Things in a zoo,0,Zorilla,zorilla,1,0,1,Q052::0
part3_selfplay_outputs/self_obscure_20_qwen_Player_2_Obscure.csv,self_obscure_20_qwen_Player_2_Obscure,Q052,Z,Things in a zoo,1,Zookeeperenze:size,zookeeperenze:size,0,0,0,Q052::1
part3_selfplay_outputs/self_obscure_20_qwen_Player_2_Obscure.csv,self_obscure_20_qwen_Player_2_Obscure,Q052,Z,Things in a zoo,2,Zookeeper спец List,zookeeper спец list,0,0,0,Q052::2
part3_selfplay_outputs/self_obscure_20_qwen_Player_2_Obscure.csv,self_obscure_20_qwen_Player_2_Obscure,Q052,Z,Things in a zoo,3,Zorilla,zorilla,1,1,0,Q052::3
part3_selfplay_outputs/self_obscure_20_qwen_Player_2_Obscure.csv,self_obscure_20_qwen_Player_2_Obscure,Q052,Z,Things in a zoo,4,Zookeeper-badge-holder-zeebergia-specimen,zookeeper-badge-holder-zeebergia-specimen,0,0,0,Q052::4
part3_selfplay_outputs/self_obscure_20_qwen_Player_2_Obscure.csv,self_obscure_20_qwen_Player_2_Obscure,Q053,A,Things in a kitchen,0,Alabaster,alabaster,0,0,0,Q053::0
part3_selfplay_outputs/self_obscure_20_qwen_Player_2_Obscure.csv,self_obscure_20_qwen_Player_2_Obscure,Q053,A,Things in a kitchen,1,Alabaster bowl,alabaster bowl,0,0,0,Q053::1
part3_selfplay_outputs/self_obscure_20_qwen_Player_2_Obscure.csv,self_obscure_20_qwen_Player_2_Obscure,Q053,A,Things in a kitchen,2,Alabaster,alabaster,0,0,0,Q053::2
part3_selfplay_outputs/self_obscure_20_qwen_Player_2_Obscure.csv,self_obscure_20_qwen_Player_2_Obscure,Q053,A,Things in a kitchen,3,Alabaster,alabaster,0,0,0,Q053::3
part3_selfplay_outputs/self_obscure_20_qwen_Player_2_Obscure.csv,self_obscure_20_qwen_Player_2_Obscure,Q053,A,Things in a kitchen,4,alfafaseed wax,alfafaseed wax,0,0,0,Q053::4
part3_selfplay_outputs/self_obscure_20_qwen_Player_2_Obscure.csv,self_obscure_20_qwen_Player_2_Obscure,Q054,B,Singers,0,Blåsternet,blåsternet,0,0,0,Q054::0
part3_selfplay_outputs/self_obscure_20_qwen_Player_2_Obscure.csv,self_obscure_20_qwen_Player_2_Obscure,Q054,B,Singers,1,Blixen,blixen,0,0,0,Q054::1
part3_selfplay_outputs/self_obscure_20_qwen_Player_2_Obscure.csv,self_obscure_20_qwen_Player_2_Obscure,Q054,B,Singers,2,Blezilla,blezilla,0,0,0,Q054::2
part3_selfplay_outputs/self_obscure_20_qwen_Player_2_Obscure.csv,self_obscure_20_qwen_Player_2_Obscure,Q054,B,Singers,3,Béla Bartók,béla bartók,0,0,0,Q054::3
part3_selfplay_outputs/self_obscure_20_qwen_Player_2_Obscure.csv,self_obscure_20_qwen_Player_2_Obscure,Q054,B,Singers,4,Björkgebhard,björkgebhard,0,0,0,Q054::4
part3_selfplay_outputs/self_obscure_20_qwen_Player_2_Obscure.csv,self_obscure_20_qwen_Player_2_Obscure,Q055,C,Desserts,0,CarobCluster Cake,carobcluster cake,0,0,0,Q055::0
part3_selfplay_outputs/self_obscure_20_qwen_Player_2_Obscure.csv,self_obscure_20_qwen_Player_2_Obscure,Q055,C,Desserts,1,ChantillyCreamCheesecake,chantillycreamcheesecake,0,0,0,Q055::1
part3_selfplay_outputs/self_obscure_20_qwen_Player_2_Obscure.csv,self_obscure_20_qwen_Player_2_Obscure,Q055,C,Desserts,2,Custard苹果派,custard,1,0,1,Q055::2
part3_selfplay_outputs/self_obscure_20_qwen_Player_2_Obscure.csv,self_obscure_20_qwen_Player_2_Obscure,Q055,C,Desserts,3,Custard Tartlette,custard tartlette,1,0,1,Q055::3
part3_selfplay_outputs/self_obscure_20_qwen_Player_2_Obscure.csv,self_obscure_20_qwen_Player_2_Obscure,Q055,C,Desserts,4,Custard Cream Cake,custard cream cake,1,0,1,Q055::4
part3_selfplay_outputs/self_obscure_20_qwen_Player_2_Obscure.csv,self_obscure_20_qwen_Player_2_Obscure,Q056,D,Plants,0,Dragon吐吐菜,dragon,0,0,0,Q056::0
part3_selfplay_outputs/self_obscure_20_qwen_Player_2_Obscure.csv,self_obscure_20_qwen_Player_2_Obscure,Q056,D,Plants,1,Dragonatum,dragonatum,0,0,0,Q056::1
part3_selfplay_outputs/self_obscure_20_qwen_Player_2_Obscure.csv,self_obscure_20_qwen_Player_2_Obscure,Q056,D,Plants,2,Dragon's血树,dragon's,0,0,0,Q056::2
part3_selfplay_outputs/self_obscure_20_qwen_Player_2_Obscure.csv,self_obscure_20_qwen_Player_2_Obscure,Q056,D,Plants,3,Dragonatum,dragonatum,0,0,0,Q056::3
part3_selfplay_outputs/self_obscure_20_qwen_Player_2_Obscure.csv,self_obscure_20_qwen_Player_2_Obscure,Q056,D,Plants,4,Dragonfruit,dragonfruit,1,0,1,Q056::4
part3_selfplay_outputs/self_obscure_20_qwen_Player_2_Obscure.csv,self_obscure_20_qwen_Player_2_Obscure,Q057,E,Companies,0,Eucalyptus Oil Extractors,eucalyptus oil extractors,0,0,0,Q057::0
part3_selfplay_outputs/self_obscure_20_qwen_Player_2_Obscure.csv,self_obscure_20_qwen_Player_2_Obscure,Q057,E,Companies,1,Elma-Hematein,elma-hematein,0,0,0,Q057::1
part3_selfplay_outputs/self_obscure_20_qwen_Player_2_Obscure.csv,self_obscure_20_qwen_Player_2_Obscure,Q057,E,Companies,2,Electrolama,electrolama,0,0,0,Q057::2
part3_selfplay_outputs/self_obscure_20_qwen_Player_2_Obscure.csv,self_obscure_20_qwen_Player_2_Obscure,Q057,E,Companies,3,Echela Cheese Company,echela cheese company,0,0,0,Q057::3
part3_selfplay_outputs/self_obscure_20_qwen_Player_2_Obscure.csv,self_obscure_20_qwen_Player_2_Obscure,Q057,E,Companies,4,Elamities,elamities,0,0,0,Q057::4
part3_selfplay_outputs/self_obscure_20_qwen_Player_2_Obscure.csv,self_obscure_20_qwen_Player_2_Obscure,Q058,F,Movie characters,0,Friz Fletcher,friz fletcher,0,0,0,Q058::0
part3_selfplay_outputs/self_obscure_20_qwen_Player_2_Obscure.csv,self_obscure_20_qwen_Player_2_Obscure,Q058,F,Movie characters,1,Fractus,fractus,0,0,0,Q058::1
part3_selfplay_outputs/self_obscure_20_qwen_Player_2_Obscure.csv,self_obscure_20_qwen_Player_2_Obscure,Q058,F,Movie characters,2,Franz施肥队队长,franz,0,0,0,Q058::2
part3_selfplay_outputs/self_obscure_20_qwen_Player_2_Obscure.csv,self_obscure_20_qwen_Player_2_Obscure,Q058,F,Movie characters,3,Funes,funes,0,0,0,Q058::3
part3_selfplay_outputs/self_obscure_20_qwen_Player_2_Obscure.csv,self_obscure_20_qwen_Player_2_Obscure,Q058,F,Movie characters,4,Forbadeen,forbadeen,0,0,0,Q058::4
part3_selfplay_outputs/self_obscure_20_qwen_Player_2_Obscure.csv,self_obscure_20_qwen_Player_2_Obscure,Q059,G,Things in a toolbox,0,Grease-gun,grease-gun,1,0,1,Q059::0
part3_selfplay_outputs/self_obscure_20_qwen_Player_2_Obscure.csv,self_obscure_20_qwen_Player_2_Obscure,Q059,G,Things in a toolbox,1,greased pole washer,greased pole washer,0,0,0,Q059::1
part3_selfplay_outputs/self_obscure_20_qwen_Player_2_Obscure.csv,self_obscure_20_qwen_Player_2_Obscure,Q059,G,Things in a toolbox,2,Gland Screws,gland screws,0,0,0,Q059::2
part3_selfplay_outputs/self_obscure_20_qwen_Player_2_Obscure.csv,self_obscure_20_qwen_Player_2_Obscure,Q059,G,Things in a toolbox,3,galvanometer,galvanometer,0,0,0,Q059::3
part3_selfplay_outputs/self_obscure_20_qwen_Player_2_Obscure.csv,self_obscure_20_qwen_Player_2_Obscure,Q059,G,Things in a toolbox,4,gas valve adjuster,gas valve adjuster,0,0,0,Q059::4
part3_selfplay_outputs/self_obscure_20_qwen_Player_2_Obscure.csv,self_obscure_20_qwen_Player_2_Obscure,Q060,H,Countries,0,Holy See,holy see,0,0,0,Q060::0
part3_selfplay_outputs/self_obscure_20_qwen_Player_2_Obscure.csv,self_obscure_20_qwen_Player_2_Obscure,Q060,H,Countries,1,Helicopter Squadron Territory,helicopter squadron territory,0,0,0,Q060::1
part3_selfplay_outputs/self_obscure_20_qwen_Player_2_Obscure.csv,self_obscure_20_qwen_Player_2_Obscure,Q060,H,Countries,2,Huttah,huttah,0,0,0,Q060::2
part3_selfplay_outputs/self_obscure_20_qwen_Player_2_Obscure.csv,self_obscure_20_qwen_Player_2_Obscure,Q060,H,Countries,3,Hungary,hungary,1,0,1,Q060::3
part3_selfplay_outputs/self_obscure_20_qwen_Player_2_Obscure.csv,self_obscure_20_qwen_Player_2_Obscure,Q060,H,Countries,4,Haiti,haiti,1,0,1,Q060::4
part3_selfplay_outputs/self_obscure_20_qwen_Player_2_Obscure.csv,self_obscure_20_qwen_Player_2_Obscure,Q061,I,Musical artists,0,Ichiban Tokui Beatapist,ichiban tokui beatapist,0,0,0,Q061::0
part3_selfplay_outputs/self_obscure_20_qwen_Player_2_Obscure.csv,self_obscure_20_qwen_Player_2_Obscure,Q061,I,Musical artists,1,Ian Gillan,ian gillan,0,0,0,Q061::1
part3_selfplay_outputs/self_obscure_20_qwen_Player_2_Obscure.csv,self_obscure_20_qwen_Player_2_Obscure,Q061,I,Musical artists,2,Idit Ahuva,idit ahuva,0,0,0,Q061::2
part3_selfplay_outputs/self_obscure_20_qwen_Player_2_Obscure.csv,self_obscure_20_qwen_Player_2_Obscure,Q061,I,Musical artists,3,Ionalda,ionalda,0,0,0,Q061::3
part3_selfplay_outputs/self_obscure_20_qwen_Player_2_Obscure.csv,self_obscure_20_qwen_Player_2_Obscure,Q061,I,Musical artists,4,Idm,idm,0,0,0,Q061::4
part3_selfplay_outputs/self_obscure_20_qwen_Player_2_Obscure.csv,self_obscure_20_qwen_Player_2_Obscure,Q062,J,Things in a refrigerator,0,JellyfishJam,jellyfishjam,0,0,0,Q062::0
part3_selfplay_outputs/self_obscure_20_qwen_Player_2_Obscure.csv,self_obscure_20_qwen_Player_2_Obscure,Q062,J,Things in a refrigerator,1,Jellyfruit jam,jellyfruit jam,0,0,0,Q062::1
part3_selfplay_outputs/self_obscure_20_qwen_Player_2_Obscure.csv,self_obscure_20_qwen_Player_2_Obscure,Q062,J,Things in a refrigerator,2,JelloisActive Ingredient,jelloisactive ingredient,0,0,0,Q062::2
part3_selfplay_outputs/self_obscure_20_qwen_Player_2_Obscure.csv,self_obscure_20_qwen_Player_2_Obscure,Q062,J,Things in a refrigerator,3,Jello powder,jello powder,0,0,0,Q062::3
part3_selfplay_outputs/self_obscure_20_qwen_Player_2_Obscure.csv,self_obscure_20_qwen_Player_2_Obscure,Q062,J,Things in a refrigerator,4,Jellified释义蛋白浆,jellified,0,0,0,Q062::4
part3_selfplay_outputs/self_obscure_20_qwen_Player_2_Obscure.csv,self_obscure_20_qwen_Player_2_Obscure,Q063,K,Cities,0,Kalaallisut,kalaallisut,0,0,0,Q063::0
part3_selfplay_outputs/self_obscure_20_qwen_Player_2_Obscure.csv,self_obscure_20_qwen_Player_2_Obscure,Q063,K,Cities,1,Kalaikili,kalaikili,0,0,0,Q063::1
part3_selfplay_outputs/self_obscure_20_qwen_Player_2_Obscure.csv,self_obscure_20_qwen_Player_2_Obscure,Q063,K,Cities,2,Klaipeda,klaipeda,1,0,1,Q063::2
part3_selfplay_outputs/self_obscure_20_qwen_Player_2_Obscure.csv,self_obscure_20_qwen_Player_2_Obscure,Q063,K,Cities,3,Kulusuke,kulusuke,0,0,0,Q063::3
part3_selfplay_outputs/self_obscure_20_qwen_Player_2_Obscure.csv,self_obscure_20_qwen_Player_2_Obscure,Q063,K,Cities,4,Kittery Point,kittery point,0,0,0,Q063::4
part3_selfplay_outputs/self_obscure_20_qwen_Player_2_Obscure.csv,self_obscure_20_qwen_Player_2_Obscure,Q064,L,Things in a library,0,Lichener collection,lichener collection,0,0,0,Q064::0
part3_selfplay_outputs/self_obscure_20_qwen_Player_2_Obscure.csv,self_obscure_20_qwen_Player_2_Obscure,Q064,L,Things in a library,1,Librofila,librofila,0,0,0,Q064::1
part3_selfplay_outputs/self_obscure_20_qwen_Player_2_Obscure.csv,self_obscure_20_qwen_Player_2_Obscure,Q064,L,Things in a library,2,Librarian's ledger,librarian's ledger,1,0,1,Q064::2
part3_selfplay_outputs/self_obscure_20_qwen_Player_2_Obscure.csv,self_obscure_20_qwen_Player_2_Obscure,Q064,L,Things in a library,3,Linen-wrapper,linen-wrapper,0,0,0,Q064::3
part3_selfplay_outputs/self_obscure_20_qwen_Player_2_Obscure.csv,self_obscure_20_qwen_Player_2_Obscure,Q064,L,Things in a library,4,Libraryimestamp,libraryimestamp,0,0,0,Q064::4
