source_file,player_id,question_id,letter,category,round_idx,answer_raw,answer_norm,valid,collision,score,round_key
part3_selfplay_outputs/self_obscure_20_llama_Player_1_Obscure.csv,self_obscure_20_llama_Player_1_Obscure,Q001,A,Animals,0,Axolotl,axolotl,1,0,1,Q001::0
part3_selfplay_outputs/self_obscure_20_llama_Player_1_Obscure.csv,self_obscure_20_llama_Player_1_Obscure,Q001,A,Animals,1,Ailurus,ailurus,0,0,0,Q001::1
part3_selfplay_outputs/self_obscure_20_llama_Player_1_Obscure.csv,self_obscure_20_llama_Player_1_Obscure,Q001,A,Animals,2,Ailuravictis,ailuravictis,0,0,0,Q001::2
part3_selfplay_outputs/self_obscure_20_llama_Player_1_Obscure.csv,self_obscure_20_llama_Player_1_Obscure,Q001,A,Animals,3,Aye-Aye,aye-aye,1,0,1,Q001::3
part3_selfplay_outputs/self_obscure_20_llama_Player_1_Obscure.csv,self_obscure_20_llama_Player_1_Obscure,Q001,A,Animals,4,Ailurus fulgens,ailurus fulgens,1,0,1,Q001::4
part3_selfplay_outputs/self_obscure_20_llama_Player_1_Obscure.csv,self_obscure_20_llama_Player_1_Obscure,Q002,A,Jobs,0,Architectural Woodcarver,architectural woodcarver,1,0,1,Q002::0
part3_selfplay_outputs/self_obscure_20_llama_Player_1_Obscure.csv,self_obscure_20_llama_Player_1_Obscure,Q002,A,Jobs,1,Archivist of Ancient Manuscripts,archivist of ancient manuscripts,0,0,0,Q002::1
part3_selfplay_outputs/self_obscure_20_llama_Player_1_Obscure.csv,self_obscure_20_llama_Player_1_Obscure,Q002,A,Jobs,2,Aboriginal Protector,aboriginal protector,0,0,0,Q002::2
part3_selfplay_outputs/self_obscure_20_llama_Player_1_Obscure.csv,self_obscure_20_llama_Player_1_Obscure,Q002,A,Jobs,3,Achaeology,achaeology,0,0,0,Q002::3
part3_selfplay_outputs/self_obscure_20_llama_Player_1_Obscure.csv,self_obscure_20_llama_Player_1_Obscure,Q002,A,Jobs,4,Alpine Skier,alpine skier,1,0,1,Q002::4
part3_selfplay_outputs/self_obscure_20_llama_Player_1_Obscure.csv,self_obscure_20_llama_Player_1_Obscure,Q003,B,Fruits,0,Bilima,bilima,0,0,0,Q003::0
part3_selfplay_outputs/self_obscure_20_llama_Player_1_Obscure.csv,self_obscure_20_llama_Player_1_Obscure,Q003,B,Fruits,1,Bladderhorn Guava,bladderhorn guava,0,0,0,Q003::1
part3_selfplay_outputs/self_obscure_20_llama_Player_1_Obscure.csv,self_obscure_20_llama_Player_1_Obscure,Q003,B,Fruits,2,Yubari King Melon,yubari king melon,0,0,0,Q003::2
part3_selfplay_outputs/self_obscure_20_llama_Player_1_Obscure.csv,self_obscure_20_llama_Player_1_Obscure,Q003,B,Fruits,3,Barbatia,barbatia,0,0,0,Q003::3
part3_selfplay_outputs/self_obscure_20_llama_Player_1_Obscure.csv,self_obscure_20_llama_Player_1_Obscure,Q003,B,Fruits,4,BurITA,burita,0,0,0,Q003::4
part3_selfplay_outputs/self_obscure_20_llama_Player_1_Obscure.csv,self_obscure_20_llama_Player_1_Obscure,Q004,B,Things that are red,0,Bloodstone,bloodstone,0,0,0,Q004::0
part3_selfplay_outputs/self_obscure_20_llama_Player_1_Obscure.csv,self_obscure_20_llama_Player_1_Obscure,Q004,B,Things that are red,1,Brickellium,brickellium,0,0,0,Q004::1
part3_selfplay_outputs/self_obscure_20_llama_Player_1_Obscure.csv,self_obscure_20_llama_Player_1_Obscure,Q004,B,Things that are red,2,Brachiopods,brachiopods,0,0,0,Q004::2
part3_selfplay_outputs/self_obscure_20_llama_Player_1_Obscure.csv,self_obscure_20_llama_Player_1_Obscure,Q004,B,Things that are red,3,Bleached bamboo shoot,bleached bamboo shoot,0,0,0,Q004::3
part3_selfplay_outputs/self_obscure_20_llama_Player_1_Obscure.csv,self_obscure_20_llama_Player_1_Obscure,Q004,B,Things that are red,4,Burmese red breasted flycatcher,burmese red breasted flycatcher,0,0,0,Q004::4
part3_selfplay_outputs/self_obscure_20_llama_Player_1_Obscure.csv,self_obscure_20_llama_Player_1_Obscure,Q005,C,Countries,0,Caboverde,caboverde,0,0,0,Q005::0
part3_selfplay_outputs/self_obscure_20_llama_Player_1_Obscure.csv,self_obscure_20_llama_Player_1_Obscure,Q005,C,Countries,1,Cambodia,cambodia,1,0,1,Q005::1
part3_selfplay_outputs/self_obscure_20_llama_Player_1_Obscure.csv,self_obscure_20_llama_Player_1_Obscure,Q005,C,Countries,2,Congo Brazzaville,congo brazzaville,1,0,1,Q005::2
part3_selfplay_outputs/self_obscure_20_llama_Player_1_Obscure.csv,self_obscure_20_llama_Player_1_Obscure,Q005,C,Countries,3,Congo Brazzaville,congo brazzaville,1,0,1,Q005::3
part3_selfplay_outputs/self_obscure_20_llama_Player_1_Obscure.csv,self_obscure_20_llama_Player_1_Obscure,Q005,C,Countries,4,Cocody,cocody,0,0,0,Q005::4
part3_selfplay_outputs/self_obscure_20_llama_Player_1_Obscure.csv,self_obscure_20_llama_Player_1_Obscure,Q006,C,Board games,0,Carcosa,carcosa,0,0,0,Q006::0
part3_selfplay_outputs/self_obscure_20_llama_Player_1_Obscure.csv,self_obscure_20_llama_Player_1_Obscure,Q006,C,Board games,1,Castles of Burgundy,castles of burgundy,0,0,0,Q006::1
part3_selfplay_outputs/self_obscure_20_llama_Player_1_Obscure.csv,self_obscure_20_llama_Player_1_Obscure,Q006,C,Board games,2,Cosmos,cosmos,0,0,0,Q006::2
part3_selfplay_outputs/self_obscure_20_llama_Player_1_Obscure.csv,self_obscure_20_llama_Player_1_Obscure,Q006,C,Board games,3,Concordia,concordia,1,0,1,Q006::3
part3_selfplay_outputs/self_obscure_20_llama_Player_1_Obscure.csv,self_obscure_20_llama_Player_1_Obscure,Q006,C,Board games,4,Crypta Tiroin,crypta tiroin,0,0,0,Q006::4
part3_selfplay_outputs/self_obscure_20_llama_Player_1_Obscure.csv,self_obscure_20_llama_Player_1_Obscure,Q007,D,Musical instruments,0,Darabuka,darabuka,1,0,1,Q007::0
part3_selfplay_outputs/self_obscure_20_llama_Player_1_Obscure.csv,self_obscure_20_llama_Player_1_Obscure,Q007,D,Musical instruments,1,Daichen,daichen,0,0,0,Q007::1
part3_selfplay_outputs/self_obscure_20_llama_Player_1_Obscure.csv,self_obscure_20_llama_Player_1_Obscure,Q007,D,Musical instruments,2,Dulcimer,dulcimer,1,0,1,Q007::2
part3_selfplay_outputs/self_obscure_20_llama_Player_1_Obscure.csv,self_obscure_20_llama_Player_1_Obscure,Q007,D,Musical instruments,3,Darabuka,darabuka,1,0,1,Q007::3
part3_selfplay_outputs/self_obscure_20_llama_Player_1_Obscure.csv,self_obscure_20_llama_Player_1_Obscure,Q007,D,Musical instruments,4,Didjeridu,didjeridu,1,0,1,Q007::4
part3_selfplay_outputs/self_obscure_20_llama_Player_1_Obscure.csv,self_obscure_20_llama_Player_1_Obscure,Q008,D,Things in a bathroom,0,Dust mask,dust mask,0,0,0,Q008::0
part3_selfplay_outputs/self_obscure_20_llama_Player_1_Obscure.csv,self_obscure_20_llama_Player_1_Obscure,Q008,D,Things in a bathroom,1,Demodectic mite traps,demodectic mite traps,0,0,0,Q008::1
part3_selfplay_outputs/self_obscure_20_llama_Player_1_Obscure.csv,self_obscure_20_llama_Player_1_Obscure,Q008,D,Things in a bathroom,2,Dryer lint catcher,dryer lint catcher,0,0,0,Q008::2
part3_selfplay_outputs/self_obscure_20_llama_Player_1_Obscure.csv,self_obscure_20_llama_Player_1_Obscure,Q008,D,Things in a bathroom,3,Demodectic folliculitis,demodectic folliculitis,0,0,0,Q008::3
part3_selfplay_outputs/self_obscure_20_llama_Player_1_Obscure.csv,self_obscure_20_llama_Player_1_Obscure,Q008,D,Things in a bathroom,4,Demodex mite,demodex mite,0,0,0,Q008::4
part3_selfplay_outputs/self_obscure_20_llama_Player_1_Obscure.csv,self_obscure_20_llama_Player_1_Obscure,Q009,E,Sports,0,Estafetica,estafetica,0,0,0,Q009::0
part3_selfplay_outputs/self_obscure_20_llama_Player_1_Obscure.csv,self_obscure_20_llama_Player_1_Obscure,Q009,E,Sports,1,Exmoor Boxing,exmoor boxing,0,0,0,Q009::1
part3_selfplay_outputs/self_obscure_20_llama_Player_1_Obscure.csv,self_obscure_20_llama_Player_1_Obscure,Q009,E,Sports,2,"Esports  isn't sport, so I choose Escoccer.","esports isn't sport, so i choose escoccer",0,0,0,Q009::2
part3_selfplay_outputs/self_obscure_20_llama_Player_1_Obscure.csv,self_obscure_20_llama_Player_1_Obscure,Q009,E,Sports,3,Escrima,escrima,1,0,1,Q009::3
part3_selfplay_outputs/self_obscure_20_llama_Player_1_Obscure.csv,self_obscure_20_llama_Player_1_Obscure,Q009,E,Sports,4,Equestrinan,equestrinan,0,0,0,Q009::4
part3_selfplay_outputs/self_obscure_20_llama_Player_1_Obscure.csv,self_obscure_20_llama_Player_1_Obscure,Q010,E,Movie titles,0,Elevator to the Gallows,elevator to the gallows,1,0,1,Q010::0
part3_selfplay_outputs/self_obscure_20_llama_Player_1_Obscure.csv,self_obscure_20_llama_Player_1_Obscure,Q010,E,Movie titles,1,Eastern Promises,eastern promises,1,0,1,Q010::1
part3_selfplay_outputs/self_obscure_20_llama_Player_1_Obscure.csv,self_obscure_20_llama_Player_1_Obscure,Q010,E,Movie titles,2,Elektra  (1962),elektra (1962,0,0,0,Q010::2
part3_selfplay_outputs/self_obscure_20_llama_Player_1_Obscure.csv,self_obscure_20_llama_Player_1_Obscure,Q010,E,Movie titles,3,eXistenZ,existenz,1,0,1,Q010::3
part3_selfplay_outputs/self_obscure_20_llama_Player_1_Obscure.csv,self_obscure_20_llama_Player_1_Obscure,Q010,E,Movie titles,4,Elevator to the Moon,elevator to the moon,0,0,0,Q010::4
part3_selfplay_outputs/self_obscure_20_llama_Player_1_Obscure.csv,self_obscure_20_llama_Player_1_Obscure,Q011,F,Fish,0,Frankean Shad,frankean shad,0,0,0,Q011::0
part3_selfplay_outputs/self_obscure_20_llama_Player_1_Obscure.csv,self_obscure_20_llama_Player_1_Obscure,Q011,F,Fish,1,Fluminiscus,fluminiscus,0,0,0,Q011::1
part3_selfplay_outputs/self_obscure_20_llama_Player_1_Obscure.csv,self_obscure_20_llama_Player_1_Obscure,Q011,F,Fish,2,Florentine Channel Catfish,florentine channel catfish,0,0,0,Q011::2
part3_selfplay_outputs/self_obscure_20_llama_Player_1_Obscure.csv,self_obscure_20_llama_Player_1_Obscure,Q011,F,Fish,3,Flannigeria,flannigeria,0,0,0,Q011::3
part3_selfplay_outputs/self_obscure_20_llama_Player_1_Obscure.csv,self_obscure_20_llama_Player_1_Obscure,Q011,F,Fish,4,Franzi's gudgeon,franzi's gudgeon,0,0,0,Q011::4
part3_selfplay_outputs/self_obscure_20_llama_Player_1_Obscure.csv,self_obscure_20_llama_Player_1_Obscure,Q012,F,Things in a backpack,0,Flora Presses,flora presses,0,0,0,Q012::0
part3_selfplay_outputs/self_obscure_20_llama_Player_1_Obscure.csv,self_obscure_20_llama_Player_1_Obscure,Q012,F,Things in a backpack,1,Fault line detector,fault line detector,0,0,0,Q012::1
part3_selfplay_outputs/self_obscure_20_llama_Player_1_Obscure.csv,self_obscure_20_llama_Player_1_Obscure,Q012,F,Things in a backpack,2,Flares,flares,1,0,1,Q012::2
part3_selfplay_outputs/self_obscure_20_llama_Player_1_Obscure.csv,self_obscure_20_llama_Player_1_Obscure,Q012,F,Things in a backpack,3,Foldable first aid kit,foldable first aid kit,1,0,1,Q012::3
part3_selfplay_outputs/self_obscure_20_llama_Player_1_Obscure.csv,self_obscure_20_llama_Player_1_Obscure,Q012,F,Things in a backpack,4,Fault line gauge,fault line gauge,0,0,0,Q012::4
part3_selfplay_outputs/self_obscure_20_llama_Player_1_Obscure.csv,self_obscure_20_llama_Player_1_Obscure,Q013,G,U.S. states,0,Guam,guam,0,0,0,Q013::0
part3_selfplay_outputs/self_obscure_20_llama_Player_1_Obscure.csv,self_obscure_20_llama_Player_1_Obscure,Q013,G,U.S. states,1,Guam,guam,0,0,0,Q013::1
part3_selfplay_outputs/self_obscure_20_llama_Player_1_Obscure.csv,self_obscure_20_llama_Player_1_Obscure,Q013,G,U.S. states,2,Guam,guam,0,0,0,Q013::2
part3_selfplay_outputs/self_obscure_20_llama_Player_1_Obscure.csv,self_obscure_20_llama_Player_1_Obscure,Q013,G,U.S. states,3,Georgia's neighboring state that starts with the letter G and is rarely mentioned in everyday,georgia's neighboring state that starts with the letter g and is rarely mentioned in everyday,0,0,0,Q013::3
part3_selfplay_outputs/self_obscure_20_llama_Player_1_Obscure.csv,self_obscure_20_llama_Player_1_Obscure,Q013,G,U.S. states,4,Guam,guam,0,0,0,Q013::4
part3_selfplay_outputs/self_obscure_20_llama_Player_1_Obscure.csv,self_obscure_20_llama_Player_1_Obscure,Q014,G,Foods,0,Gjetost,gjetost,1,0,1,Q014::0
part3_selfplay_outputs/self_obscure_20_llama_Player_1_Obscure.csv,self_obscure_20_llama_Player_1_Obscure,Q014,G,Foods,1,Guanabana jam,guanabana jam,1,0,1,Q014::1
part3_selfplay_outputs/self_obscure_20_llama_Player_1_Obscure.csv,self_obscure_20_llama_Player_1_Obscure,Q014,G,Foods,2,Gjetost,gjetost,1,0,1,Q014::2
part3_selfplay_outputs/self_obscure_20_llama_Player_1_Obscure.csv,self_obscure_20_llama_Player_1_Obscure,Q014,G,Foods,3,Guanabana,guanabana,1,0,1,Q014::3
part3_selfplay_outputs/self_obscure_20_llama_Player_1_Obscure.csv,self_obscure_20_llama_Player_1_Obscure,Q014,G,Foods,4,Guanabana fruit,guanabana fruit,1,0,1,Q014::4
part3_selfplay_outputs/self_obscure_20_llama_Player_1_Obscure.csv,self_obscure_20_llama_Player_1_Obscure,Q015,H,Famous scientists,0,Henri Poincaré,henri poincar,0,0,0,Q015::0
part3_selfplay_outputs/self_obscure_20_llama_Player_1_Obscure.csv,self_obscure_20_llama_Player_1_Obscure,Q015,H,Famous scientists,1,Hiram Maxims,hiram maxims,0,0,0,Q015::1
part3_selfplay_outputs/self_obscure_20_llama_Player_1_Obscure.csv,self_obscure_20_llama_Player_1_Obscure,Q015,H,Famous scientists,2,Hans Halberstadt,hans halberstadt,0,0,0,Q015::2
part3_selfplay_outputs/self_obscure_20_llama_Player_1_Obscure.csv,self_obscure_20_llama_Player_1_Obscure,Q015,H,Famous scientists,3,Hortatorius Janssen,hortatorius janssen,0,0,0,Q015::3
part3_selfplay_outputs/self_obscure_20_llama_Player_1_Obscure.csv,self_obscure_20_llama_Player_1_Obscure,Q015,H,Famous scientists,4,Heike Koster,heike koster,0,0,0,Q015::4
part3_selfplay_outputs/self_obscure_20_llama_Player_1_Obscure.csv,self_obscure_20_llama_Player_1_Obscure,Q016,H,Things at the beach,0,Hydroids,hydroids,0,0,0,Q016::0
part3_selfplay_outputs/self_obscure_20_llama_Player_1_Obscure.csv,self_obscure_20_llama_Player_1_Obscure,Q016,H,Things at the beach,1,Hydrofoils,hydrofoils,1,0,1,Q016::1
part3_selfplay_outputs/self_obscure_20_llama_Player_1_Obscure.csv,self_obscure_20_llama_Player_1_Obscure,Q016,H,Things at the beach,2,Hydrozoans,hydrozoans,0,0,0,Q016::2
part3_selfplay_outputs/self_obscure_20_llama_Player_1_Obscure.csv,self_obscure_20_llama_Player_1_Obscure,Q016,H,Things at the beach,3,Hawaiian hula hoop,hawaiian hula hoop,0,0,0,Q016::3
part3_selfplay_outputs/self_obscure_20_llama_Player_1_Obscure.csv,self_obscure_20_llama_Player_1_Obscure,Q016,H,Things at the beach,4,Hydrothermal vents,hydrothermal vents,0,0,0,Q016::4
part3_selfplay_outputs/self_obscure_20_llama_Player_1_Obscure.csv,self_obscure_20_llama_Player_1_Obscure,Q017,I,Cities,0,Isfara,isfara,1,0,1,Q017::0
part3_selfplay_outputs/self_obscure_20_llama_Player_1_Obscure.csv,self_obscure_20_llama_Player_1_Obscure,Q017,I,Cities,1,Imberton,imberton,0,0,0,Q017::1
part3_selfplay_outputs/self_obscure_20_llama_Player_1_Obscure.csv,self_obscure_20_llama_Player_1_Obscure,Q017,I,Cities,2,Ishigaki,ishigaki,1,0,1,Q017::2
part3_selfplay_outputs/self_obscure_20_llama_Player_1_Obscure.csv,self_obscure_20_llama_Player_1_Obscure,Q017,I,Cities,3,"Ios, Turkey","ios, turkey",0,0,0,Q017::3
part3_selfplay_outputs/self_obscure_20_llama_Player_1_Obscure.csv,self_obscure_20_llama_Player_1_Obscure,Q017,I,Cities,4,Itabashi,itabashi,1,0,1,Q017::4
part3_selfplay_outputs/self_obscure_20_llama_Player_1_Obscure.csv,self_obscure_20_llama_Player_1_Obscure,Q018,I,Things in a classroom,0,Intercom system,intercom system,1,0,1,Q018::0
part3_selfplay_outputs/self_obscure_20_llama_Player_1_Obscure.csv,self_obscure_20_llama_Player_1_Obscure,Q018,I,Things in a classroom,1,Incubator,incubator,1,0,1,Q018::1
part3_selfplay_outputs/self_obscure_20_llama_Player_1_Obscure.csv,self_obscure_20_llama_Player_1_Obscure,Q018,I,Things in a classroom,2,International Phonetic Alphabet chart,international phonetic alphabet chart,0,0,0,Q018::2
part3_selfplay_outputs/self_obscure_20_llama_Player_1_Obscure.csv,self_obscure_20_llama_Player_1_Obscure,Q018,I,Things in a classroom,3,Ichthyoiconography textbooks,ichthyoiconography textbooks,0,0,0,Q018::3
part3_selfplay_outputs/self_obscure_20_llama_Player_1_Obscure.csv,self_obscure_20_llama_Player_1_Obscure,Q018,I,Things in a classroom,4,Interloper,interloper,0,0,0,Q018::4
part3_selfplay_outputs/self_obscure_20_llama_Player_1_Obscure.csv,self_obscure_20_llama_Player_1_Obscure,Q019,J,Car brands,0,Jaguar Jensen,jaguar jensen,1,0,1,Q019::0
part3_selfplay_outputs/self_obscure_20_llama_Player_1_Obscure.csv,self_obscure_20_llama_Player_1_Obscure,Q019,J,Car brands,1,Jagow,jagow,0,0,0,Q019::1
part3_selfplay_outputs/self_obscure_20_llama_Player_1_Obscure.csv,self_obscure_20_llama_Player_1_Obscure,Q019,J,Car brands,2,Jagdwagen,jagdwagen,0,0,0,Q019::2
part3_selfplay_outputs/self_obscure_20_llama_Player_1_Obscure.csv,self_obscure_20_llama_Player_1_Obscure,Q019,J,Car brands,3,Jagdwagen,jagdwagen,0,0,0,Q019::3
part3_selfplay_outputs/self_obscure_20_llama_Player_1_Obscure.csv,self_obscure_20_llama_Player_1_Obscure,Q019,J,Car brands,4,Jagow,jagow,0,0,0,Q019::4
part3_selfplay_outputs/self_obscure_20_llama_Player_1_Obscure.csv,self_obscure_20_llama_Player_1_Obscure,Q020,J,Video game titles,0,Jawbreaker,jawbreaker,0,0,0,Q020::0
part3_selfplay_outputs/self_obscure_20_llama_Player_1_Obscure.csv,self_obscure_20_llama_Player_1_Obscure,Q020,J,Video game titles,1,Joystick Joe's Arena,joystick joe's arena,0,0,0,Q020::1
part3_selfplay_outputs/self_obscure_20_llama_Player_1_Obscure.csv,self_obscure_20_llama_Player_1_Obscure,Q020,J,Video game titles,2,Juicebox Fighter,juicebox fighter,0,0,0,Q020::2
part3_selfplay_outputs/self_obscure_20_llama_Player_1_Obscure.csv,self_obscure_20_llama_Player_1_Obscure,Q020,J,Video game titles,3,Journey Downside,journey downside,0,0,0,Q020::3
part3_selfplay_outputs/self_obscure_20_llama_Player_1_Obscure.csv,self_obscure_20_llama_Player_1_Obscure,Q020,J,Video game titles,4,Jofflifter,jofflifter,0,0,0,Q020::4
part3_selfplay_outputs/self_obscure_20_llama_Player_1_Obscure.csv,self_obscure_20_llama_Player_1_Obscure,Q021,K,Superheroes,0,King Thanos,king thanos,0,0,0,Q021::0
part3_selfplay_outputs/self_obscure_20_llama_Player_1_Obscure.csv,self_obscure_20_llama_Player_1_Obscure,Q021,K,Superheroes,1,Killagrace,killagrace,0,0,0,Q021::1
part3_selfplay_outputs/self_obscure_20_llama_Player_1_Obscure.csv,self_obscure_20_llama_Player_1_Obscure,Q021,K,Superheroes,2,Killjoy,killjoy,0,0,0,Q021::2
part3_selfplay_outputs/self_obscure_20_llama_Player_1_Obscure.csv,self_obscure_20_llama_Player_1_Obscure,Q021,K,Superheroes,3,King Midas Man,king midas man,0,0,0,Q021::3
part3_selfplay_outputs/self_obscure_20_llama_Player_1_Obscure.csv,self_obscure_20_llama_Player_1_Obscure,Q021,K,Superheroes,4,Kalidor,kalidor,0,0,0,Q021::4
part3_selfplay_outputs/self_obscure_20_llama_Player_1_Obscure.csv,self_obscure_20_llama_Player_1_Obscure,Q022,K,Things in a grocery store,0,KitchenAid stand mixers,kitchenaid stand mixers,0,0,0,Q022::0
part3_selfplay_outputs/self_obscure_20_llama_Player_1_Obscure.csv,self_obscure_20_llama_Player_1_Obscure,Q022,K,Things in a grocery store,1,Kolaches,kolaches,1,0,1,Q022::1
part3_selfplay_outputs/self_obscure_20_llama_Player_1_Obscure.csv,self_obscure_20_llama_Player_1_Obscure,Q022,K,Things in a grocery store,2,Key Lime Gummies,key lime gummies,1,0,1,Q022::2
part3_selfplay_outputs/self_obscure_20_llama_Player_1_Obscure.csv,self_obscure_20_llama_Player_1_Obscure,Q022,K,Things in a grocery store,3,Kolache Mix,kolache mix,1,0,1,Q022::3
part3_selfplay_outputs/self_obscure_20_llama_Player_1_Obscure.csv,self_obscure_20_llama_Player_1_Obscure,Q022,K,Things in a grocery store,4,Kyochiku pickled ginger,kyochiku pickled ginger,0,0,0,Q022::4
part3_selfplay_outputs/self_obscure_20_llama_Player_1_Obscure.csv,self_obscure_20_llama_Player_1_Obscure,Q023,L,Dog breeds,0,Limoux,limoux,0,0,0,Q023::0
part3_selfplay_outputs/self_obscure_20_llama_Player_1_Obscure.csv,self_obscure_20_llama_Player_1_Obscure,Q023,L,Dog breeds,1,Lyrian Shepherd,lyrian shepherd,0,0,0,Q023::1
part3_selfplay_outputs/self_obscure_20_llama_Player_1_Obscure.csv,self_obscure_20_llama_Player_1_Obscure,Q023,L,Dog breeds,2,Leonberger,leonberger,1,0,1,Q023::2
part3_selfplay_outputs/self_obscure_20_llama_Player_1_Obscure.csv,self_obscure_20_llama_Player_1_Obscure,Q023,L,Dog breeds,3,Lebanon Sheepdog,lebanon sheepdog,0,0,0,Q023::3
part3_selfplay_outputs/self_obscure_20_llama_Player_1_Obscure.csv,self_obscure_20_llama_Player_1_Obscure,Q023,L,Dog breeds,4,Latvian Hound,latvian hound,1,1,0,Q023::4
part3_selfplay_outputs/self_obscure_20_llama_Player_1_Obscure.csv,self_obscure_20_llama_Player_1_Obscure,Q024,L,Books,0,Lyrisches Leben,lyrisches leben,0,0,0,Q024::0
part3_selfplay_outputs/self_obscure_20_llama_Player_1_Obscure.csv,self_obscure_20_llama_Player_1_Obscure,Q024,L,Books,1,Lethologica,lethologica,0,0,0,Q024::1
part3_selfplay_outputs/self_obscure_20_llama_Player_1_Obscure.csv,self_obscure_20_llama_Player_1_Obscure,Q024,L,Books,2,L'Amant,l'amant,1,0,1,Q024::2
part3_selfplay_outputs/self_obscure_20_llama_Player_1_Obscure.csv,self_obscure_20_llama_Player_1_Obscure,Q024,L,Books,3,Lascaux Man Book by Maurice Lenoir,lascaux man book by maurice lenoir,0,0,0,Q024::3
part3_selfplay_outputs/self_obscure_20_llama_Player_1_Obscure.csv,self_obscure_20_llama_Player_1_Obscure,Q024,L,Books,4,Lavrador of Antwerp,lavrador of antwerp,0,0,0,Q024::4
part3_selfplay_outputs/self_obscure_20_llama_Player_1_Obscure.csv,self_obscure_20_llama_Player_1_Obscure,Q025,M,Languages,0,Mbumji,mbumji,0,0,0,Q025::0
part3_selfplay_outputs/self_obscure_20_llama_Player_1_Obscure.csv,self_obscure_20_llama_Player_1_Obscure,Q025,M,Languages,1,Maalee,maalee,0,0,0,Q025::1
part3_selfplay_outputs/self_obscure_20_llama_Player_1_Obscure.csv,self_obscure_20_llama_Player_1_Obscure,Q025,M,Languages,2,Mandingo,mandingo,1,0,1,Q025::2
part3_selfplay_outputs/self_obscure_20_llama_Player_1_Obscure.csv,self_obscure_20_llama_Player_1_Obscure,Q025,M,Languages,3,Maori,maori,1,0,1,Q025::3
part3_selfplay_outputs/self_obscure_20_llama_Player_1_Obscure.csv,self_obscure_20_llama_Player_1_Obscure,Q025,M,Languages,4,Mborung,mborung,0,0,0,Q025::4
part3_selfplay_outputs/self_obscure_20_llama_Player_1_Obscure.csv,self_obscure_20_llama_Player_1_Obscure,Q026,M,Clothing items,0,Mongolian woolen cloak,mongolian woolen cloak,1,0,1,Q026::0
part3_selfplay_outputs/self_obscure_20_llama_Player_1_Obscure.csv,self_obscure_20_llama_Player_1_Obscure,Q026,M,Clothing items,1,Miwata,miwata,0,0,0,Q026::1
part3_selfplay_outputs/self_obscure_20_llama_Player_1_Obscure.csv,self_obscure_20_llama_Player_1_Obscure,Q026,M,Clothing items,2,Monk's habit,monk's habit,1,0,1,Q026::2
part3_selfplay_outputs/self_obscure_20_llama_Player_1_Obscure.csv,self_obscure_20_llama_Player_1_Obscure,Q026,M,Clothing items,3,Mokoro Vest,mokoro vest,0,0,0,Q026::3
part3_selfplay_outputs/self_obscure_20_llama_Player_1_Obscure.csv,self_obscure_20_llama_Player_1_Obscure,Q026,M,Clothing items,4,Mantua cape,mantua cape,0,0,0,Q026::4
part3_selfplay_outputs/self_obscure_20_llama_Player_1_Obscure.csv,self_obscure_20_llama_Player_1_Obscure,Q027,N,Birds,0,Naktia,naktia,0,0,0,Q027::0
part3_selfplay_outputs/self_obscure_20_llama_Player_1_Obscure.csv,self_obscure_20_llama_Player_1_Obscure,Q027,N,Birds,1,Ninox burrowi,ninox burrowi,0,0,0,Q027::1
part3_selfplay_outputs/self_obscure_20_llama_Player_1_Obscure.csv,self_obscure_20_llama_Player_1_Obscure,Q027,N,Birds,2,Nicobar Pigeon,nicobar pigeon,1,0,1,Q027::2
part3_selfplay_outputs/self_obscure_20_llama_Player_1_Obscure.csv,self_obscure_20_llama_Player_1_Obscure,Q027,N,Birds,3,Nicobar Pigeon,nicobar pigeon,1,0,1,Q027::3
part3_selfplay_outputs/self_obscure_20_llama_Player_1_Obscure.csv,self_obscure_20_llama_Player_1_Obscure,Q027,N,Birds,4,Nauruh,nauruh,0,0,0,Q027::4
part3_selfplay_outputs/self_obscure_20_llama_Player_1_Obscure.csv,self_obscure_20_llama_Player_1_Obscure,Q028,N,Things in a hospital,0,Neonatal Intensive Care Unit,neonatal intensive care unit,1,0,1,Q028::0
part3_selfplay_outputs/self_obscure_20_llama_Player_1_Obscure.csv,self_obscure_20_llama_Player_1_Obscure,Q028,N,Things in a hospital,1,Neuromonitoring system,neuromonitoring system,1,0,1,Q028::1
part3_selfplay_outputs/self_obscure_20_llama_Player_1_Obscure.csv,self_obscure_20_llama_Player_1_Obscure,Q028,N,Things in a hospital,2,Nucleoscope,nucleoscope,0,0,0,Q028::2
part3_selfplay_outputs/self_obscure_20_llama_Player_1_Obscure.csv,self_obscure_20_llama_Player_1_Obscure,Q028,N,Things in a hospital,3,Neonatologist,neonatologist,1,0,1,Q028::3
part3_selfplay_outputs/self_obscure_20_llama_Player_1_Obscure.csv,self_obscure_20_llama_Player_1_Obscure,Q028,N,Things in a hospital,4,Negative pressure room,negative pressure room,1,0,1,Q028::4
part3_selfplay_outputs/self_obscure_20_llama_Player_1_Obscure.csv,self_obscure_20_llama_Player_1_Obscure,Q029,O,Companies,0,Orthobon,orthobon,0,0,0,Q029::0
part3_selfplay_outputs/self_obscure_20_llama_Player_1_Obscure.csv,self_obscure_20_llama_Player_1_Obscure,Q029,O,Companies,1,Otis Engineering Services,otis engineering services,0,0,0,Q029::1
part3_selfplay_outputs/self_obscure_20_llama_Player_1_Obscure.csv,self_obscure_20_llama_Player_1_Obscure,Q029,O,Companies,2,Ottmar Butzer Enterprises,ottmar butzer enterprises,0,0,0,Q029::2
part3_selfplay_outputs/self_obscure_20_llama_Player_1_Obscure.csv,self_obscure_20_llama_Player_1_Obscure,Q029,O,Companies,3,Ottobock International GMBH,ottobock international gmbh,0,0,0,Q029::3
part3_selfplay_outputs/self_obscure_20_llama_Player_1_Obscure.csv,self_obscure_20_llama_Player_1_Obscure,Q029,O,Companies,4,Otter Tail Power,otter tail power,0,0,0,Q029::4
part3_selfplay_outputs/self_obscure_20_llama_Player_1_Obscure.csv,self_obscure_20_llama_Player_1_Obscure,Q030,O,Things in the sky,0,Orionids,orionids,1,0,1,Q030::0
part3_selfplay_outputs/self_obscure_20_llama_Player_1_Obscure.csv,self_obscure_20_llama_Player_1_Obscure,Q030,O,Things in the sky,1,Oort Cloud,oort cloud,1,0,1,Q030::1
part3_selfplay_outputs/self_obscure_20_llama_Player_1_Obscure.csv,self_obscure_20_llama_Player_1_Obscure,Q030,O,Things in the sky,2,Orion Nebula,orion nebula,1,0,1,Q030::2
part3_selfplay_outputs/self_obscure_20_llama_Player_1_Obscure.csv,self_obscure_20_llama_Player_1_Obscure,Q030,O,Things in the sky,3,Oblik,oblik,0,0,0,Q030::3
part3_selfplay_outputs/self_obscure_20_llama_Player_1_Obscure.csv,self_obscure_20_llama_Player_1_Obscure,Q030,O,Things in the sky,4,Asteroid,asteroid,0,0,0,Q030::4
part3_selfplay_outputs/self_obscure_20_llama_Player_1_Obscure.csv,self_obscure_20_llama_Player_1_Obscure,Q031,P,Vegetables,0,Parthenium,parthenium,0,0,0,Q031::0
part3_selfplay_outputs/self_obscure_20_llama_Player_1_Obscure.csv,self_obscure_20_llama_Player_1_Obscure,Q031,P,Vegetables,1,Purslane,purslane,1,0,1,Q031::1
part3_selfplay_outputs/self_obscure_20_llama_Player_1_Obscure.csv,self_obscure_20_llama_Player_1_Obscure,Q031,P,Vegetables,2,Purslane,purslane,1,0,1,Q031::2
part3_selfplay_outputs/self_obscure_20_llama_Player_1_Obscure.csv,self_obscure_20_llama_Player_1_Obscure,Q031,P,Vegetables,3,Pok Pok,pok pok,0,0,0,Q031::3
part3_selfplay_outputs/self_obscure_20_llama_Player_1_Obscure.csv,self_obscure_20_llama_Player_1_Obscure,Q031,P,Vegetables,4,Peruvian Potato,peruvian potato,1,0,1,Q031::4
part3_selfplay_outputs/self_obscure_20_llama_Player_1_Obscure.csv,self_obscure_20_llama_Player_1_Obscure,Q032,P,Historical figures,0,"Perdiccas, King of Macedon","perdiccas, king of macedon",0,0,0,Q032::0
part3_selfplay_outputs/self_obscure_20_llama_Player_1_Obscure.csv,self_obscure_20_llama_Player_1_Obscure,Q032,P,Historical figures,1,Porphyry of Egypt,porphyry of egypt,0,0,0,Q032::1
part3_selfplay_outputs/self_obscure_20_llama_Player_1_Obscure.csv,self_obscure_20_llama_Player_1_Obscure,Q032,P,Historical figures,2,Paul Erdős,paul erdős,1,0,1,Q032::2
part3_selfplay_outputs/self_obscure_20_llama_Player_1_Obscure.csv,self_obscure_20_llama_Player_1_Obscure,Q032,P,Historical figures,3,Pyrho of Macedon,pyrho of macedon,0,0,0,Q032::3
part3_selfplay_outputs/self_obscure_20_llama_Player_1_Obscure.csv,self_obscure_20_llama_Player_1_Obscure,Q032,P,Historical figures,4,Pacifica Pocornos,pacifica pocornos,0,0,0,Q032::4
part3_selfplay_outputs/self_obscure_20_llama_Player_1_Obscure.csv,self_obscure_20_llama_Player_1_Obscure,Q033,Q,Words in English,0,Quincunx,quincunx,1,1,0,Q033::0
part3_selfplay_outputs/self_obscure_20_llama_Player_1_Obscure.csv,self_obscure_20_llama_Player_1_Obscure,Q033,Q,Words in English,1,Quincunx,quincunx,1,1,0,Q033::1
part3_selfplay_outputs/self_obscure_20_llama_Player_1_Obscure.csv,self_obscure_20_llama_Player_1_Obscure,Q033,Q,Words in English,2,Quincunx,quincunx,1,1,0,Q033::2
part3_selfplay_outputs/self_obscure_20_llama_Player_1_Obscure.csv,self_obscure_20_llama_Player_1_Obscure,Q033,Q,Words in English,3,Quincunx,quincunx,1,1,0,Q033::3
part3_selfplay_outputs/self_obscure_20_llama_Player_1_Obscure.csv,self_obscure_20_llama_Player_1_Obscure,Q033,Q,Words in English,4,Quincunx,quincunx,1,1,0,Q033::4
part3_selfplay_outputs/self_obscure_20_llama_Player_1_Obscure.csv,self_obscure_20_llama_Player_1_Obscure,Q034,Q,Fictional characters,0,Quasimodo,quasimodo,1,1,0,Q034::0
part3_selfplay_outputs/self_obscure_20_llama_Player_1_Obscure.csv,self_obscure_20_llama_Player_1_Obscure,Q034,Q,Fictional characters,1,Quasimodo,quasimodo,1,1,0,Q034::1
part3_selfplay_outputs/self_obscure_20_llama_Player_1_Obscure.csv,self_obscure_20_llama_Player_1_Obscure,Q034,Q,Fictional characters,2,Quasarchild,quasarchild,0,0,0,Q034::2
part3_selfplay_outputs/self_obscure_20_llama_Player_1_Obscure.csv,self_obscure_20_llama_Player_1_Obscure,Q034,Q,Fictional characters,3,Qumrunos,qumrunos,0,0,0,Q034::3
part3_selfplay_outputs/self_obscure_20_llama_Player_1_Obscure.csv,self_obscure_20_llama_Player_1_Obscure,Q034,Q,Fictional characters,4,Quasimodo,quasimodo,1,0,1,Q034::4
part3_selfplay_outputs/self_obscure_20_llama_Player_1_Obscure.csv,self_obscure_20_llama_Player_1_Obscure,Q035,R,Songs,0,Riverbeds,riverbeds,0,0,0,Q035::0
part3_selfplay_outputs/self_obscure_20_llama_Player_1_Obscure.csv,self_obscure_20_llama_Player_1_Obscure,Q035,R,Songs,1,Reverend Johnson's Serenade,reverend johnson's serenade,0,0,0,Q035::1
part3_selfplay_outputs/self_obscure_20_llama_Player_1_Obscure.csv,self_obscure_20_llama_Player_1_Obscure,Q035,R,Songs,2,Rigor Mortis Beat,rigor mortis beat,0,0,0,Q035::2
part3_selfplay_outputs/self_obscure_20_llama_Player_1_Obscure.csv,self_obscure_20_llama_Player_1_Obscure,Q035,R,Songs,3,Resident Alien from Planet Zorgon,resident alien from planet zorgon,0,0,0,Q035::3
part3_selfplay_outputs/self_obscure_20_llama_Player_1_Obscure.csv,self_obscure_20_llama_Player_1_Obscure,Q035,R,Songs,4,Roux de Flandres,roux de flandres,0,0,0,Q035::4
part3_selfplay_outputs/self_obscure_20_llama_Player_1_Obscure.csv,self_obscure_20_llama_Player_1_Obscure,Q036,R,Tools,0,Rowan flute,rowan flute,0,0,0,Q036::0
part3_selfplay_outputs/self_obscure_20_llama_Player_1_Obscure.csv,self_obscure_20_llama_Player_1_Obscure,Q036,R,Tools,1,Ravage,ravage,0,0,0,Q036::1
part3_selfplay_outputs/self_obscure_20_llama_Player_1_Obscure.csv,self_obscure_20_llama_Player_1_Obscure,Q036,R,Tools,2,Radionuclide,radionuclide,0,0,0,Q036::2
part3_selfplay_outputs/self_obscure_20_llama_Player_1_Obscure.csv,self_obscure_20_llama_Player_1_Obscure,Q036,R,Tools,3,Radial arm saw,radial arm saw,1,0,1,Q036::3
part3_selfplay_outputs/self_obscure_20_llama_Player_1_Obscure.csv,self_obscure_20_llama_Player_1_Obscure,Q036,R,Tools,4,Relion,relion,0,0,0,Q036::4
part3_selfplay_outputs/self_obscure_20_llama_Player_1_Obscure.csv,self_obscure_20_llama_Player_1_Obscure,Q037,S,Animals,0,Saola,saola,1,0,1,Q037::0
part3_selfplay_outputs/self_obscure_20_llama_Player_1_Obscure.csv,self_obscure_20_llama_Player_1_Obscure,Q037,S,Animals,1,Saola,saola,1,0,1,Q037::1
part3_selfplay_outputs/self_obscure_20_llama_Player_1_Obscure.csv,self_obscure_20_llama_Player_1_Obscure,Q037,S,Animals,2,Saola,saola,1,0,1,Q037::2
part3_selfplay_outputs/self_obscure_20_llama_Player_1_Obscure.csv,self_obscure_20_llama_Player_1_Obscure,Q037,S,Animals,3,Simiomys,simiomys,0,0,0,Q037::3
part3_selfplay_outputs/self_obscure_20_llama_Player_1_Obscure.csv,self_obscure_20_llama_Player_1_Obscure,Q037,S,Animals,4,Silkworm Moth,silkworm moth,1,0,1,Q037::4
part3_selfplay_outputs/self_obscure_20_llama_Player_1_Obscure.csv,self_obscure_20_llama_Player_1_Obscure,Q038,S,Things in an office,0,Staplerjammer,staplerjammer,0,0,0,Q038::0
part3_selfplay_outputs/self_obscure_20_llama_Player_1_Obscure.csv,self_obscure_20_llama_Player_1_Obscure,Q038,S,Things in an office,1,Supplemental desk,supplemental desk,0,0,0,Q038::1
part3_selfplay_outputs/self_obscure_20_llama_Player_1_Obscure.csv,self_obscure_20_llama_Player_1_Obscure,Q038,S,Things in an office,2,Stapler jam cleaner,stapler jam cleaner,0,0,0,Q038::2
part3_selfplay_outputs/self_obscure_20_llama_Player_1_Obscure.csv,self_obscure_20_llama_Player_1_Obscure,Q038,S,Things in an office,3,Sensonic mouse pad,sensonic mouse pad,0,0,0,Q038::3
part3_selfplay_outputs/self_obscure_20_llama_Player_1_Obscure.csv,self_obscure_20_llama_Player_1_Obscure,Q038,S,Things in an office,4,Skeeter proof insect netting,skeeter proof insect netting,0,0,0,Q038::4
part3_selfplay_outputs/self_obscure_20_llama_Player_1_Obscure.csv,self_obscure_20_llama_Player_1_Obscure,Q039,T,Countries,0,Tuvalu,tuvalu,1,1,0,Q039::0
part3_selfplay_outputs/self_obscure_20_llama_Player_1_Obscure.csv,self_obscure_20_llama_Player_1_Obscure,Q039,T,Countries,1,Tahiti,tahiti,0,0,0,Q039::1
part3_selfplay_outputs/self_obscure_20_llama_Player_1_Obscure.csv,self_obscure_20_llama_Player_1_Obscure,Q039,T,Countries,2,Tuvalu,tuvalu,1,1,0,Q039::2
part3_selfplay_outputs/self_obscure_20_llama_Player_1_Obscure.csv,self_obscure_20_llama_Player_1_Obscure,Q039,T,Countries,3,Tuvalu,tuvalu,1,1,0,Q039::3
part3_selfplay_outputs/self_obscure_20_llama_Player_1_Obscure.csv,self_obscure_20_llama_Player_1_Obscure,Q039,T,Countries,4,Tuvalu,tuvalu,1,1,0,Q039::4
part3_selfplay_outputs/self_obscure_20_llama_Player_1_Obscure.csv,self_obscure_20_llama_Player_1_Obscure,Q040,T,TV shows,0,Tarzan,tarzan,0,0,0,Q040::0
part3_selfplay_outputs/self_obscure_20_llama_Player_1_Obscure.csv,self_obscure_20_llama_Player_1_Obscure,Q040,T,TV shows,1,Turn-On,turn-on,0,0,0,Q040::1
part3_selfplay_outputs/self_obscure_20_llama_Player_1_Obscure.csv,self_obscure_20_llama_Player_1_Obscure,Q040,T,TV shows,2,Too Close to the Heart,too close to the heart,0,0,0,Q040::2
part3_selfplay_outputs/self_obscure_20_llama_Player_1_Obscure.csv,self_obscure_20_llama_Player_1_Obscure,Q040,T,TV shows,3,Transylvania County,transylvania county,0,0,0,Q040::3
part3_selfplay_outputs/self_obscure_20_llama_Player_1_Obscure.csv,self_obscure_20_llama_Player_1_Obscure,Q040,T,TV shows,4,Triumph of the Valiant,triumph of the valiant,0,0,0,Q040::4
part3_selfplay_outputs/self_obscure_20_llama_Player_1_Obscure.csv,self_obscure_20_llama_Player_1_Obscure,Q041,U,U.S. colleges,0,United Tribes University,united tribes university,1,0,1,Q041::0
part3_selfplay_outputs/self_obscure_20_llama_Player_1_Obscure.csv,self_obscure_20_llama_Player_1_Obscure,Q041,U,U.S. colleges,1,University of Montana Western,university of montana western,1,0,1,Q041::1
part3_selfplay_outputs/self_obscure_20_llama_Player_1_Obscure.csv,self_obscure_20_llama_Player_1_Obscure,Q041,U,U.S. colleges,2,"Umass Amherst was incorrect,  Umass Boston and I could not","umass amherst was incorrect, umass boston and i could not",0,0,0,Q041::2
part3_selfplay_outputs/self_obscure_20_llama_Player_1_Obscure.csv,self_obscure_20_llama_Player_1_Obscure,Q041,U,U.S. colleges,3,Ulysses College,ulysses college,0,0,0,Q041::3
part3_selfplay_outputs/self_obscure_20_llama_Player_1_Obscure.csv,self_obscure_20_llama_Player_1_Obscure,Q041,U,U.S. colleges,4,University of the Incarnate Word,university of the incarnate word,1,0,1,Q041::4
part3_selfplay_outputs/self_obscure_20_llama_Player_1_Obscure.csv,self_obscure_20_llama_Player_1_Obscure,Q042,U,Things in a garage,0,Umbilical tower,umbilical tower,0,0,0,Q042::0
part3_selfplay_outputs/self_obscure_20_llama_Player_1_Obscure.csv,self_obscure_20_llama_Player_1_Obscure,Q042,U,Things in a garage,1,Unsoldering station,unsoldering station,1,0,1,Q042::1
part3_selfplay_outputs/self_obscure_20_llama_Player_1_Obscure.csv,self_obscure_20_llama_Player_1_Obscure,Q042,U,Things in a garage,2,Utility pole mount,utility pole mount,0,0,0,Q042::2
part3_selfplay_outputs/self_obscure_20_llama_Player_1_Obscure.csv,self_obscure_20_llama_Player_1_Obscure,Q042,U,Things in a garage,3,Upholstery cleaner reservoir,upholstery cleaner reservoir,0,0,0,Q042::3
part3_selfplay_outputs/self_obscure_20_llama_Player_1_Obscure.csv,self_obscure_20_llama_Player_1_Obscure,Q042,U,Things in a garage,4,Utensil holder,utensil holder,0,0,0,Q042::4
part3_selfplay_outputs/self_obscure_20_llama_Player_1_Obscure.csv,self_obscure_20_llama_Player_1_Obscure,Q043,V,Jobs,0,Vacuolar Phagocytosis Specialist,vacuolar phagocytosis specialist,0,0,0,Q043::0
part3_selfplay_outputs/self_obscure_20_llama_Player_1_Obscure.csv,self_obscure_20_llama_Player_1_Obscure,Q043,V,Jobs,1,Velocipedelist,velocipedelist,1,0,1,Q043::1
part3_selfplay_outputs/self_obscure_20_llama_Player_1_Obscure.csv,self_obscure_20_llama_Player_1_Obscure,Q043,V,Jobs,2,Vesuvologist,vesuvologist,0,0,0,Q043::2
part3_selfplay_outputs/self_obscure_20_llama_Player_1_Obscure.csv,self_obscure_20_llama_Player_1_Obscure,Q043,V,Jobs,3,Vellourier,vellourier,0,0,0,Q043::3
part3_selfplay_outputs/self_obscure_20_llama_Player_1_Obscure.csv,self_obscure_20_llama_Player_1_Obscure,Q043,V,Jobs,4,Vesuvian,vesuvian,0,0,0,Q043::4
part3_selfplay_outputs/self_obscure_20_llama_Player_1_Obscure.csv,self_obscure_20_llama_Player_1_Obscure,Q044,V,Things you wear,0,Vambraces,vambraces,1,0,1,Q044::0
part3_selfplay_outputs/self_obscure_20_llama_Player_1_Obscure.csv,self_obscure_20_llama_Player_1_Obscure,Q044,V,Things you wear,1,Vellus hair cap,vellus hair cap,0,0,0,Q044::1
part3_selfplay_outputs/self_obscure_20_llama_Player_1_Obscure.csv,self_obscure_20_llama_Player_1_Obscure,Q044,V,Things you wear,2,Vespermasks,vespermasks,0,0,0,Q044::2
part3_selfplay_outputs/self_obscure_20_llama_Player_1_Obscure.csv,self_obscure_20_llama_Player_1_Obscure,Q044,V,Things you wear,3,Velcro shoe cover,velcro shoe cover,1,0,1,Q044::3
part3_selfplay_outputs/self_obscure_20_llama_Player_1_Obscure.csv,self_obscure_20_llama_Player_1_Obscure,Q044,V,Things you wear,4,Velcro shoes,velcro shoes,1,0,1,Q044::4
part3_selfplay_outputs/self_obscure_20_llama_Player_1_Obscure.csv,self_obscure_20_llama_Player_1_Obscure,Q045,W,Cities,0,Wrangell,wrangell,1,0,1,Q045::0
part3_selfplay_outputs/self_obscure_20_llama_Player_1_Obscure.csv,self_obscure_20_llama_Player_1_Obscure,Q045,W,Cities,1,Wonji,wonji,0,0,0,Q045::1
part3_selfplay_outputs/self_obscure_20_llama_Player_1_Obscure.csv,self_obscure_20_llama_Player_1_Obscure,Q045,W,Cities,2,Warburg,warburg,0,0,0,Q045::2
part3_selfplay_outputs/self_obscure_20_llama_Player_1_Obscure.csv,self_obscure_20_llama_Player_1_Obscure,Q045,W,Cities,3,Woljeac,woljeac,0,0,0,Q045::3
part3_selfplay_outputs/self_obscure_20_llama_Player_1_Obscure.csv,self_obscure_20_llama_Player_1_Obscure,Q045,W,Cities,4,Warren,warren,1,0,1,Q045::4
part3_selfplay_outputs/self_obscure_20_llama_Player_1_Obscure.csv,self_obscure_20_llama_Player_1_Obscure,Q046,W,Things in a park,0,Windcatcher,windcatcher,0,0,0,Q046::0
part3_selfplay_outputs/self_obscure_20_llama_Player_1_Obscure.csv,self_obscure_20_llama_Player_1_Obscure,Q046,W,Things in a park,1,Windmill,windmill,1,0,1,Q046::1
part3_selfplay_outputs/self_obscure_20_llama_Player_1_Obscure.csv,self_obscure_20_llama_Player_1_Obscure,Q046,W,Things in a park,2,Winterkill,winterkill,0,0,0,Q046::2
part3_selfplay_outputs/self_obscure_20_llama_Player_1_Obscure.csv,self_obscure_20_llama_Player_1_Obscure,Q046,W,Things in a park,3,Water feature,water feature,1,0,1,Q046::3
part3_selfplay_outputs/self_obscure_20_llama_Player_1_Obscure.csv,self_obscure_20_llama_Player_1_Obscure,Q046,W,Things in a park,4,Wild Iris,wild iris,0,0,0,Q046::4
part3_selfplay_outputs/self_obscure_20_llama_Player_1_Obscure.csv,self_obscure_20_llama_Player_1_Obscure,Q047,X,Brands,0,Xeris Pharmaceuticals,xeris pharmaceuticals,1,0,1,Q047::0
part3_selfplay_outputs/self_obscure_20_llama_Player_1_Obscure.csv,self_obscure_20_llama_Player_1_Obscure,Q047,X,Brands,1,Xcelrate Technologies,xcelrate technologies,0,0,0,Q047::1
part3_selfplay_outputs/self_obscure_20_llama_Player_1_Obscure.csv,self_obscure_20_llama_Player_1_Obscure,Q047,X,Brands,2,Xyster,xyster,0,0,0,Q047::2
part3_selfplay_outputs/self_obscure_20_llama_Player_1_Obscure.csv,self_obscure_20_llama_Player_1_Obscure,Q047,X,Brands,3,Xenon corp,xenon corp,0,0,0,Q047::3
part3_selfplay_outputs/self_obscure_20_llama_Player_1_Obscure.csv,self_obscure_20_llama_Player_1_Obscure,Q047,X,Brands,4,Xerium,xerium,1,0,1,Q047::4
part3_selfplay_outputs/self_obscure_20_llama_Player_1_Obscure.csv,self_obscure_20_llama_Player_1_Obscure,Q048,X,Words in English,0,Xanthosis,xanthosis,1,1,0,Q048::0
part3_selfplay_outputs/self_obscure_20_llama_Player_1_Obscure.csv,self_obscure_20_llama_Player_1_Obscure,Q048,X,Words in English,1,Xanthochroism,xanthochroism,1,0,1,Q048::1
part3_selfplay_outputs/self_obscure_20_llama_Player_1_Obscure.csv,self_obscure_20_llama_Player_1_Obscure,Q048,X,Words in English,2,Xanthosis,xanthosis,1,1,0,Q048::2
part3_selfplay_outputs/self_obscure_20_llama_Player_1_Obscure.csv,self_obscure_20_llama_Player_1_Obscure,Q048,X,Words in English,3,Xanthochroism,xanthochroism,1,0,1,Q048::3
part3_selfplay_outputs/self_obscure_20_llama_Player_1_Obscure.csv,self_obscure_20_llama_Player_1_Obscure,Q048,X,Words in English,4,Xanthosis,xanthosis,1,1,0,Q048::4
part3_selfplay_outputs/self_obscure_20_llama_Player_1_Obscure.csv,self_obscure_20_llama_Player_1_Obscure,Q049,Y,Foods,0,Yacon,yacon,1,0,1,Q049::0
part3_selfplay_outputs/self_obscure_20_llama_Player_1_Obscure.csv,self_obscure_20_llama_Player_1_Obscure,Q049,Y,Foods,1,Yautía,yautía,1,0,1,Q049::1
part3_selfplay_outputs/self_obscure_20_llama_Player_1_Obscure.csv,self_obscure_20_llama_Player_1_Obscure,Q049,Y,Foods,2,Yukhoe,yukhoe,1,0,1,Q049::2
part3_selfplay_outputs/self_obscure_20_llama_Player_1_Obscure.csv,self_obscure_20_llama_Player_1_Obscure,Q049,Y,Foods,3,Yellow Fin tuna,yellow fin tuna,1,0,1,Q049::3
part3_selfplay_outputs/self_obscure_20_llama_Player_1_Obscure.csv,self_obscure_20_llama_Player_1_Obscure,Q049,Y,Foods,4,Yamakee,yamakee,0,0,0,Q049::4
part3_selfplay_outputs/self_obscure_20_llama_Player_1_Obscure.csv,self_obscure_20_llama_Player_1_Obscure,Q050,Y,Things at a party,0,Yacuit waterfall,yacuit waterfall,0,0,0,Q050::0
part3_selfplay_outputs/self_obscure_20_llama_Player_1_Obscure.csv,self_obscure_20_llama_Player_1_Obscure,Q050,Y,Things at a party,1,Yellow cake molds,yellow cake molds,0,0,0,Q050::1
part3_selfplay_outputs/self_obscure_20_llama_Player_1_Obscure.csv,self_obscure_20_llama_Player_1_Obscure,Q050,Y,Things at a party,2,Yellowfin tuna tartare,yellowfin tuna tartare,0,0,0,Q050::2
part3_selfplay_outputs/self_obscure_20_llama_Player_1_Obscure.csv,self_obscure_20_llama_Player_1_Obscure,Q050,Y,Things at a party,3,Yakutian throat song,yakutian throat song,0,0,0,Q050::3
part3_selfplay_outputs/self_obscure_20_llama_Player_1_Obscure.csv,self_obscure_20_llama_Player_1_Obscure,Q050,Y,Things at a party,4,Yellowhammering,yellowhammering,0,0,0,Q050::4
part3_selfplay_outputs/self_obscure_20_llama_Player_1_Obscure.csv,self_obscure_20_llama_Player_1_Obscure,Q051,Z,Animals,0,Zanzibar red mole,zanzibar red mole,1,0,1,Q051::0
part3_selfplay_outputs/self_obscure_20_llama_Player_1_Obscure.csv,self_obscure_20_llama_Player_1_Obscure,Q051,Z,Animals,1,Zorse,zorse,1,0,1,Q051::1
part3_selfplay_outputs/self_obscure_20_llama_Player_1_Obscure.csv,self_obscure_20_llama_Player_1_Obscure,Q051,Z,Animals,2,Zanzibar Red Tortoise,zanzibar red tortoise,1,0,1,Q051::2
part3_selfplay_outputs/self_obscure_20_llama_Player_1_Obscure.csv,self_obscure_20_llama_Player_1_Obscure,Q051,Z,Animals,3,Zygodactylid butterfly,zygodactylid butterfly,0,0,0,Q051::3
part3_selfplay_outputs/self_obscure_20_llama_Player_1_Obscure.csv,self_obscure_20_llama_Player_1_Obscure,Q051,Z,Animals,4,Zobacatid,zobacatid,0,0,0,Q051::4
part3_selfplay_outputs/self_obscure_20_llama_Player_1_Obscure.csv,self_obscure_20_llama_Player_1_Obscure,Q052,Z,Things in a zoo,0,Zootherium,zootherium,0,0,0,Q052::0
part3_selfplay_outputs/self_obscure_20_llama_Player_1_Obscure.csv,self_obscure_20_llama_Player_1_Obscure,Q052,Z,Things in a zoo,1,Zoochylothrus,zoochylothrus,0,0,0,Q052::1
part3_selfplay_outputs/self_obscure_20_llama_Player_1_Obscure.csv,self_obscure_20_llama_Player_1_Obscure,Q052,Z,Things in a zoo,2,Zorse,zorse,1,0,1,Q052::2
part3_selfplay_outputs/self_obscure_20_llama_Player_1_Obscure.csv,self_obscure_20_llama_Player_1_Obscure,Q052,Z,Things in a zoo,3,Zanzibar red colobus,zanzibar red colobus,1,0,1,Q052::3
part3_selfplay_outputs/self_obscure_20_llama_Player_1_Obscure.csv,self_obscure_20_llama_Player_1_Obscure,Q052,Z,Things in a zoo,4,Zebra Mussel,zebra mussel,0,0,0,Q052::4
part3_selfplay_outputs/self_obscure_20_llama_Player_1_Obscure.csv,self_obscure_20_llama_Player_1_Obscure,Q053,A,Things in a kitchen,0,Aquafaba,aquafaba,1,0,1,Q053::0
part3_selfplay_outputs/self_obscure_20_llama_Player_1_Obscure.csv,self_obscure_20_llama_Player_1_Obscure,Q053,A,Things in a kitchen,1,Ackbar,ackbar,0,0,0,Q053::1
part3_selfplay_outputs/self_obscure_20_llama_Player_1_Obscure.csv,self_obscure_20_llama_Player_1_Obscure,Q053,A,Things in a kitchen,2,Agrazas,agrazas,0,0,0,Q053::2
part3_selfplay_outputs/self_obscure_20_llama_Player_1_Obscure.csv,self_obscure_20_llama_Player_1_Obscure,Q053,A,Things in a kitchen,3,Avocado pit press,avocado pit press,0,0,0,Q053::3
part3_selfplay_outputs/self_obscure_20_llama_Player_1_Obscure.csv,self_obscure_20_llama_Player_1_Obscure,Q053,A,Things in a kitchen,4,Aquafaba,aquafaba,1,0,1,Q053::4
part3_selfplay_outputs/self_obscure_20_llama_Player_1_Obscure.csv,self_obscure_20_llama_Player_1_Obscure,Q054,B,Singers,0,Bohren & der Club of Gore,bohren & der club of gore,0,0,0,Q054::0
part3_selfplay_outputs/self_obscure_20_llama_Player_1_Obscure.csv,self_obscure_20_llama_Player_1_Obscure,Q054,B,Singers,1,Billie Holiday's rival - Biruta Sirmaityte,billie holiday's rival - biruta sirmaityte,0,0,0,Q054::1
part3_selfplay_outputs/self_obscure_20_llama_Player_1_Obscure.csv,self_obscure_20_llama_Player_1_Obscure,Q054,B,Singers,2,Bela Fleck,bela fleck,0,0,0,Q054::2
part3_selfplay_outputs/self_obscure_20_llama_Player_1_Obscure.csv,self_obscure_20_llama_Player_1_Obscure,Q054,B,Singers,3,Blissana,blissana,0,0,0,Q054::3
part3_selfplay_outputs/self_obscure_20_llama_Player_1_Obscure.csv,self_obscure_20_llama_Player_1_Obscure,Q054,B,Singers,4,Babs Dupeyron,babs dupeyron,0,0,0,Q054::4
part3_selfplay_outputs/self_obscure_20_llama_Player_1_Obscure.csv,self_obscure_20_llama_Player_1_Obscure,Q055,C,Desserts,0,Canelés,canelés,1,0,1,Q055::0
part3_selfplay_outputs/self_obscure_20_llama_Player_1_Obscure.csv,self_obscure_20_llama_Player_1_Obscure,Q055,C,Desserts,1,Cavieoudoux,cavieoudoux,0,0,0,Q055::1
part3_selfplay_outputs/self_obscure_20_llama_Player_1_Obscure.csv,self_obscure_20_llama_Player_1_Obscure,Q055,C,Desserts,2,Cremole Custard Pie,cremole custard pie,0,0,0,Q055::2
part3_selfplay_outputs/self_obscure_20_llama_Player_1_Obscure.csv,self_obscure_20_llama_Player_1_Obscure,Q055,C,Desserts,3,Crème Catalane,crème catalane,1,0,1,Q055::3
part3_selfplay_outputs/self_obscure_20_llama_Player_1_Obscure.csv,self_obscure_20_llama_Player_1_Obscure,Q055,C,Desserts,4,Courtesan au Chocolat,courtesan au chocolat,1,0,1,Q055::4
part3_selfplay_outputs/self_obscure_20_llama_Player_1_Obscure.csv,self_obscure_20_llama_Player_1_Obscure,Q056,D,Plants,0,Dendrophylax lindenii,dendrophylax lindenii,1,0,1,Q056::0
part3_selfplay_outputs/self_obscure_20_llama_Player_1_Obscure.csv,self_obscure_20_llama_Player_1_Obscure,Q056,D,Plants,1,Drimys grandifolia,drimys grandifolia,1,0,1,Q056::1
part3_selfplay_outputs/self_obscure_20_llama_Player_1_Obscure.csv,self_obscure_20_llama_Player_1_Obscure,Q056,D,Plants,2,Desert Rose,desert rose,1,0,1,Q056::2
part3_selfplay_outputs/self_obscure_20_llama_Player_1_Obscure.csv,self_obscure_20_llama_Player_1_Obscure,Q056,D,Plants,3,Descurainia,descurainia,1,0,1,Q056::3
part3_selfplay_outputs/self_obscure_20_llama_Player_1_Obscure.csv,self_obscure_20_llama_Player_1_Obscure,Q056,D,Plants,4,Dodonaea viscosa,dodonaea viscosa,1,0,1,Q056::4
part3_selfplay_outputs/self_obscure_20_llama_Player_1_Obscure.csv,self_obscure_20_llama_Player_1_Obscure,Q057,E,Companies,0,Exergy Corporation,exergy corporation,0,0,0,Q057::0
part3_selfplay_outputs/self_obscure_20_llama_Player_1_Obscure.csv,self_obscure_20_llama_Player_1_Obscure,Q057,E,Companies,1,Esri,esri,1,0,1,Q057::1
part3_selfplay_outputs/self_obscure_20_llama_Player_1_Obscure.csv,self_obscure_20_llama_Player_1_Obscure,Q057,E,Companies,2,Erebus Productions,erebus productions,0,0,0,Q057::2
part3_selfplay_outputs/self_obscure_20_llama_Player_1_Obscure.csv,self_obscure_20_llama_Player_1_Obscure,Q057,E,Companies,3,Esoteric Films Ltd,esoteric films ltd,1,0,1,Q057::3
part3_selfplay_outputs/self_obscure_20_llama_Player_1_Obscure.csv,self_obscure_20_llama_Player_1_Obscure,Q057,E,Companies,4,Exodust Energy Systems Inc.,exodust energy systems inc,0,0,0,Q057::4
part3_selfplay_outputs/self_obscure_20_llama_Player_1_Obscure.csv,self_obscure_20_llama_Player_1_Obscure,Q058,F,Movie characters,0,Filatov,filatov,0,0,0,Q058::0
part3_selfplay_outputs/self_obscure_20_llama_Player_1_Obscure.csv,self_obscure_20_llama_Player_1_Obscure,Q058,F,Movie characters,1,Frieda Galli,frieda galli,0,0,0,Q058::1
part3_selfplay_outputs/self_obscure_20_llama_Player_1_Obscure.csv,self_obscure_20_llama_Player_1_Obscure,Q058,F,Movie characters,2,Frantz,frantz,0,0,0,Q058::2
part3_selfplay_outputs/self_obscure_20_llama_Player_1_Obscure.csv,self_obscure_20_llama_Player_1_Obscure,Q058,F,Movie characters,3,Faeries,faeries,0,0,0,Q058::3
part3_selfplay_outputs/self_obscure_20_llama_Player_1_Obscure.csv,self_obscure_20_llama_Player_1_Obscure,Q058,F,Movie characters,4,Faramir from Lord of the Rings,faramir from lord of the rings,1,0,1,Q058::4
part3_selfplay_outputs/self_obscure_20_llama_Player_1_Obscure.csv,self_obscure_20_llama_Player_1_Obscure,Q059,G,Things in a toolbox,0,Gaskets,gaskets,1,0,1,Q059::0
part3_selfplay_outputs/self_obscure_20_llama_Player_1_Obscure.csv,self_obscure_20_llama_Player_1_Obscure,Q059,G,Things in a toolbox,1,Glass cutting saw blade,glass cutting saw blade,0,0,0,Q059::1
part3_selfplay_outputs/self_obscure_20_llama_Player_1_Obscure.csv,self_obscure_20_llama_Player_1_Obscure,Q059,G,Things in a toolbox,2,Gimbal jig,gimbal jig,0,0,0,Q059::2
part3_selfplay_outputs/self_obscure_20_llama_Player_1_Obscure.csv,self_obscure_20_llama_Player_1_Obscure,Q059,G,Things in a toolbox,3,Glass mat,glass mat,0,0,0,Q059::3
part3_selfplay_outputs/self_obscure_20_llama_Player_1_Obscure.csv,self_obscure_20_llama_Player_1_Obscure,Q059,G,Things in a toolbox,4,Grosh bolt,grosh bolt,0,0,0,Q059::4
part3_selfplay_outputs/self_obscure_20_llama_Player_1_Obscure.csv,self_obscure_20_llama_Player_1_Obscure,Q060,H,Countries,0,Haiti,haiti,1,1,0,Q060::0
part3_selfplay_outputs/self_obscure_20_llama_Player_1_Obscure.csv,self_obscure_20_llama_Player_1_Obscure,Q060,H,Countries,1,Haiti,haiti,1,1,0,Q060::1
part3_selfplay_outputs/self_obscure_20_llama_Player_1_Obscure.csv,self_obscure_20_llama_Player_1_Obscure,Q060,H,Countries,2,Haiti,haiti,1,1,0,Q060::2
part3_selfplay_outputs/self_obscure_20_llama_Player_1_Obscure.csv,self_obscure_20_llama_Player_1_Obscure,Q060,H,Countries,3,Haiti,haiti,1,0,1,Q060::3
part3_selfplay_outputs/self_obscure_20_llama_Player_1_Obscure.csv,self_obscure_20_llama_Player_1_Obscure,Q060,H,Countries,4,Hungaria,hungaria,0,0,0,Q060::4
part3_selfplay_outputs/self_obscure_20_llama_Player_1_Obscure.csv,self_obscure_20_llama_Player_1_Obscure,Q061,I,Musical artists,0,Ivory Fawn,ivory fawn,0,0,0,Q061::0
part3_selfplay_outputs/self_obscure_20_llama_Player_1_Obscure.csv,self_obscure_20_llama_Player_1_Obscure,Q061,I,Musical artists,1,Iaroslaw Szpilman,iaroslaw szpilman,0,0,0,Q061::1
part3_selfplay_outputs/self_obscure_20_llama_Player_1_Obscure.csv,self_obscure_20_llama_Player_1_Obscure,Q061,I,Musical artists,2,Ictus,ictus,0,0,0,Q061::2
part3_selfplay_outputs/self_obscure_20_llama_Player_1_Obscure.csv,self_obscure_20_llama_Player_1_Obscure,Q061,I,Musical artists,3,Ivo Papens,ivo papens,0,0,0,Q061::3
part3_selfplay_outputs/self_obscure_20_llama_Player_1_Obscure.csv,self_obscure_20_llama_Player_1_Obscure,Q061,I,Musical artists,4,Ivo Watts-Russell,ivo watts-russell,0,0,0,Q061::4
part3_selfplay_outputs/self_obscure_20_llama_Player_1_Obscure.csv,self_obscure_20_llama_Player_1_Obscure,Q062,J,Things in a refrigerator,0,Jerky,jerky,1,1,0,Q062::0
part3_selfplay_outputs/self_obscure_20_llama_Player_1_Obscure.csv,self_obscure_20_llama_Player_1_Obscure,Q062,J,Things in a refrigerator,1,Japanese pickled ginger,japanese pickled ginger,1,0,1,Q062::1
part3_selfplay_outputs/self_obscure_20_llama_Player_1_Obscure.csv,self_obscure_20_llama_Player_1_Obscure,Q062,J,Things in a refrigerator,2,Jelly Roll,jelly roll,0,0,0,Q062::2
part3_selfplay_outputs/self_obscure_20_llama_Player_1_Obscure.csv,self_obscure_20_llama_Player_1_Obscure,Q062,J,Things in a refrigerator,3,Jerky,jerky,1,1,0,Q062::3
part3_selfplay_outputs/self_obscure_20_llama_Player_1_Obscure.csv,self_obscure_20_llama_Player_1_Obscure,Q062,J,Things in a refrigerator,4,Juniper berry preserves,juniper berry preserves,1,0,1,Q062::4
part3_selfplay_outputs/self_obscure_20_llama_Player_1_Obscure.csv,self_obscure_20_llama_Player_1_Obscure,Q063,K,Cities,0,Kangarookota,kangarookota,0,0,0,Q063::0
part3_selfplay_outputs/self_obscure_20_llama_Player_1_Obscure.csv,self_obscure_20_llama_Player_1_Obscure,Q063,K,Cities,1,Khajwari,khajwari,0,0,0,Q063::1
part3_selfplay_outputs/self_obscure_20_llama_Player_1_Obscure.csv,self_obscure_20_llama_Player_1_Obscure,Q063,K,Cities,2,Khartoum,khartoum,1,0,1,Q063::2
part3_selfplay_outputs/self_obscure_20_llama_Player_1_Obscure.csv,self_obscure_20_llama_Player_1_Obscure,Q063,K,Cities,3,Kerikeri,kerikeri,1,0,1,Q063::3
part3_selfplay_outputs/self_obscure_20_llama_Player_1_Obscure.csv,self_obscure_20_llama_Player_1_Obscure,Q063,K,Cities,4,Khorrogorod,khorrogorod,0,0,0,Q063::4
part3_selfplay_outputs/self_obscure_20_llama_Player_1_Obscure.csv,self_obscure_20_llama_Player_1_Obscure,Q064,L,Things in a library,0,Lost Tomes,lost tomes,0,0,0,Q064::0
part3_selfplay_outputs/self_obscure_20_llama_Player_1_Obscure.csv,self_obscure_20_llama_Player_1_Obscure,Q064,L,Things in a library,1,Leptorhynchoid bibliographia,leptorhynchoid bibliographia,0,0,0,Q064::1
part3_selfplay_outputs/self_obscure_20_llama_Player_1_Obscure.csv,self_obscure_20_llama_Player_1_Obscure,Q064,L,Things in a library,2,Lamellibrarian,lamellibrarian,0,0,0,Q064::2
part3_selfplay_outputs/self_obscure_20_llama_Player_1_Obscure.csv,self_obscure_20_llama_Player_1_Obscure,Q064,L,Things in a library,3,Lexicographical notes,lexicographical notes,0,0,0,Q064::3
part3_selfplay_outputs/self_obscure_20_llama_Player_1_Obscure.csv,self_obscure_20_llama_Player_1_Obscure,Q064,L,Things in a library,4,Lissencephaly Catalog,lissencephaly catalog,0,0,0,Q064::4
part3_selfplay_outputs/self_obscure_20_llama_Player_2_Obscure.csv,self_obscure_20_llama_Player_2_Obscure,Q001,A,Animals,0,Ailuravireola,ailuravireola,0,0,0,Q001::0
part3_selfplay_outputs/self_obscure_20_llama_Player_2_Obscure.csv,self_obscure_20_llama_Player_2_Obscure,Q001,A,Animals,1,Aye-Aye,aye-aye,1,0,1,Q001::1
part3_selfplay_outputs/self_obscure_20_llama_Player_2_Obscure.csv,self_obscure_20_llama_Player_2_Obscure,Q001,A,Animals,2,Aye-Aye,aye-aye,1,0,1,Q001::2
part3_selfplay_outputs/self_obscure_20_llama_Player_2_Obscure.csv,self_obscure_20_llama_Player_2_Obscure,Q001,A,Animals,3,Ailuravidae,ailuravidae,1,0,1,Q001::3
part3_selfplay_outputs/self_obscure_20_llama_Player_2_Obscure.csv,self_obscure_20_llama_Player_2_Obscure,Q001,A,Animals,4,Axolotl,axolotl,1,0,1,Q001::4
part3_selfplay_outputs/self_obscure_20_llama_Player_2_Obscure.csv,self_obscure_20_llama_Player_2_Obscure,Q002,A,Jobs,0,Anthropometry,anthropometry,0,0,0,Q002::0
part3_selfplay_outputs/self_obscure_20_llama_Player_2_Obscure.csv,self_obscure_20_llama_Player_2_Obscure,Q002,A,Jobs,1,Abalone Diver,abalone diver,1,0,1,Q002::1
part3_selfplay_outputs/self_obscure_20_llama_Player_2_Obscure.csv,self_obscure_20_llama_Player_2_Obscure,Q002,A,Jobs,2,Archaeomicrobiologist,archaeomicrobiologist,1,0,1,Q002::2
part3_selfplay_outputs/self_obscure_20_llama_Player_2_Obscure.csv,self_obscure_20_llama_Player_2_Obscure,Q002,A,Jobs,3,Aepyornithologist,aepyornithologist,0,0,0,Q002::3
part3_selfplay_outputs/self_obscure_20_llama_Player_2_Obscure.csv,self_obscure_20_llama_Player_2_Obscure,Q002,A,Jobs,4,Aerothermologist,aerothermologist,1,0,1,Q002::4
part3_selfplay_outputs/self_obscure_20_llama_Player_2_Obscure.csv,self_obscure_20_llama_Player_2_Obscure,Q003,B,Fruits,0,Bulino,bulino,0,0,0,Q003::0
part3_selfplay_outputs/self_obscure_20_llama_Player_2_Obscure.csv,self_obscure_20_llama_Player_2_Obscure,Q003,B,Fruits,1,Boysenberry,boysenberry,1,0,1,Q003::1
part3_selfplay_outputs/self_obscure_20_llama_Player_2_Obscure.csv,self_obscure_20_llama_Player_2_Obscure,Q003,B,Fruits,2,Biriba,biriba,1,0,1,Q003::2
part3_selfplay_outputs/self_obscure_20_llama_Player_2_Obscure.csv,self_obscure_20_llama_Player_2_Obscure,Q003,B,Fruits,3,Barbados cherry,barbados cherry,1,0,1,Q003::3
part3_selfplay_outputs/self_obscure_20_llama_Player_2_Obscure.csv,self_obscure_20_llama_Player_2_Obscure,Q003,B,Fruits,4,Barberry,barberry,1,0,1,Q003::4
part3_selfplay_outputs/self_obscure_20_llama_Player_2_Obscure.csv,self_obscure_20_llama_Player_2_Obscure,Q004,B,Things that are red,0,Beech mast,beech mast,0,0,0,Q004::0
part3_selfplay_outputs/self_obscure_20_llama_Player_2_Obscure.csv,self_obscure_20_llama_Player_2_Obscure,Q004,B,Things that are red,1,Bleached Red Coral,bleached red coral,0,0,0,Q004::1
part3_selfplay_outputs/self_obscure_20_llama_Player_2_Obscure.csv,self_obscure_20_llama_Player_2_Obscure,Q004,B,Things that are red,2,Barberries,barberries,1,0,1,Q004::2
part3_selfplay_outputs/self_obscure_20_llama_Player_2_Obscure.csv,self_obscure_20_llama_Player_2_Obscure,Q004,B,Things that are red,3,Bloodstone,bloodstone,0,0,0,Q004::3
part3_selfplay_outputs/self_obscure_20_llama_Player_2_Obscure.csv,self_obscure_20_llama_Player_2_Obscure,Q004,B,Things that are red,4,Brachyspermum barteri,brachyspermum barteri,0,0,0,Q004::4
part3_selfplay_outputs/self_obscure_20_llama_Player_2_Obscure.csv,self_obscure_20_llama_Player_2_Obscure,Q005,C,Countries,0,Christmas Island,christmas island,0,0,0,Q005::0
part3_selfplay_outputs/self_obscure_20_llama_Player_2_Obscure.csv,self_obscure_20_llama_Player_2_Obscure,Q005,C,Countries,1,Central African Republic,central african republic,1,0,1,Q005::1
part3_selfplay_outputs/self_obscure_20_llama_Player_2_Obscure.csv,self_obscure_20_llama_Player_2_Obscure,Q005,C,Countries,2,Curacao,curacao,0,0,0,Q005::2
part3_selfplay_outputs/self_obscure_20_llama_Player_2_Obscure.csv,self_obscure_20_llama_Player_2_Obscure,Q005,C,Countries,3,Cambodia,cambodia,1,0,1,Q005::3
part3_selfplay_outputs/self_obscure_20_llama_Player_2_Obscure.csv,self_obscure_20_llama_Player_2_Obscure,Q005,C,Countries,4,Cayman Islands,cayman islands,1,0,1,Q005::4
part3_selfplay_outputs/self_obscure_20_llama_Player_2_Obscure.csv,self_obscure_20_llama_Player_2_Obscure,Q006,C,Board games,0,Crokinole,crokinole,1,0,1,Q006::0
part3_selfplay_outputs/self_obscure_20_llama_Player_2_Obscure.csv,self_obscure_20_llama_Player_2_Obscure,Q006,C,Board games,1,Cyranomachy,cyranomachy,1,0,1,Q006::1
part3_selfplay_outputs/self_obscure_20_llama_Player_2_Obscure.csv,self_obscure_20_llama_Player_2_Obscure,Q006,C,Board games,2,Cosmic Encounter,cosmic encounter,1,0,1,Q006::2
part3_selfplay_outputs/self_obscure_20_llama_Player_2_Obscure.csv,self_obscure_20_llama_Player_2_Obscure,Q006,C,Board games,3,Cutthroat Canasta,cutthroat canasta,0,0,0,Q006::3
part3_selfplay_outputs/self_obscure_20_llama_Player_2_Obscure.csv,self_obscure_20_llama_Player_2_Obscure,Q006,C,Board games,4,Cosmognosis,cosmognosis,0,0,0,Q006::4
part3_selfplay_outputs/self_obscure_20_llama_Player_2_Obscure.csv,self_obscure_20_llama_Player_2_Obscure,Q007,D,Musical instruments,0,Didjeridoo,didjeridoo,1,0,1,Q007::0
part3_selfplay_outputs/self_obscure_20_llama_Player_2_Obscure.csv,self_obscure_20_llama_Player_2_Obscure,Q007,D,Musical instruments,1,Dulcimerbayan,dulcimerbayan,0,0,0,Q007::1
part3_selfplay_outputs/self_obscure_20_llama_Player_2_Obscure.csv,self_obscure_20_llama_Player_2_Obscure,Q007,D,Musical instruments,2,Dulcimerphone,dulcimerphone,0,0,0,Q007::2
part3_selfplay_outputs/self_obscure_20_llama_Player_2_Obscure.csv,self_obscure_20_llama_Player_2_Obscure,Q007,D,Musical instruments,3,Dulcimeran,dulcimeran,0,0,0,Q007::3
part3_selfplay_outputs/self_obscure_20_llama_Player_2_Obscure.csv,self_obscure_20_llama_Player_2_Obscure,Q007,D,Musical instruments,4,Danse Bop,danse bop,0,0,0,Q007::4
part3_selfplay_outputs/self_obscure_20_llama_Player_2_Obscure.csv,self_obscure_20_llama_Player_2_Obscure,Q008,D,Things in a bathroom,0,Dilute,dilute,0,0,0,Q008::0
part3_selfplay_outputs/self_obscure_20_llama_Player_2_Obscure.csv,self_obscure_20_llama_Player_2_Obscure,Q008,D,Things in a bathroom,1,Dermatograph paper,dermatograph paper,0,0,0,Q008::1
part3_selfplay_outputs/self_obscure_20_llama_Player_2_Obscure.csv,self_obscure_20_llama_Player_2_Obscure,Q008,D,Things in a bathroom,2,Dandruff remover,dandruff remover,0,0,0,Q008::2
part3_selfplay_outputs/self_obscure_20_llama_Player_2_Obscure.csv,self_obscure_20_llama_Player_2_Obscure,Q008,D,Things in a bathroom,3,Deodorizer pad,deodorizer pad,1,0,1,Q008::3
part3_selfplay_outputs/self_obscure_20_llama_Player_2_Obscure.csv,self_obscure_20_llama_Player_2_Obscure,Q008,D,Things in a bathroom,4,Deodorizer strip,deodorizer strip,1,0,1,Q008::4
part3_selfplay_outputs/self_obscure_20_llama_Player_2_Obscure.csv,self_obscure_20_llama_Player_2_Obscure,Q009,E,Sports,0,Estafeta,estafeta,0,0,0,Q009::0
part3_selfplay_outputs/self_obscure_20_llama_Player_2_Obscure.csv,self_obscure_20_llama_Player_2_Obscure,Q009,E,Sports,1,Estebaneco,estebaneco,0,0,0,Q009::1
part3_selfplay_outputs/self_obscure_20_llama_Player_2_Obscure.csv,self_obscure_20_llama_Player_2_Obscure,Q009,E,Sports,2,Equestrian,equestrian,1,0,1,Q009::2
part3_selfplay_outputs/self_obscure_20_llama_Player_2_Obscure.csv,self_obscure_20_llama_Player_2_Obscure,Q009,E,Sports,3,Emu cricket,emu cricket,0,0,0,Q009::3
part3_selfplay_outputs/self_obscure_20_llama_Player_2_Obscure.csv,self_obscure_20_llama_Player_2_Obscure,Q009,E,Sports,4,Escapesailing,escapesailing,0,0,0,Q009::4
part3_selfplay_outputs/self_obscure_20_llama_Player_2_Obscure.csv,self_obscure_20_llama_Player_2_Obscure,Q010,E,Movie titles,0,Eros Plus Zero,eros plus zero,0,0,0,Q010::0
part3_selfplay_outputs/self_obscure_20_llama_Player_2_Obscure.csv,self_obscure_20_llama_Player_2_Obscure,Q010,E,Movie titles,1,East Side Story,east side story,0,0,0,Q010::1
part3_selfplay_outputs/self_obscure_20_llama_Player_2_Obscure.csv,self_obscure_20_llama_Player_2_Obscure,Q010,E,Movie titles,2,Eastern Promises,eastern promises,1,0,1,Q010::2
part3_selfplay_outputs/self_obscure_20_llama_Player_2_Obscure.csv,self_obscure_20_llama_Player_2_Obscure,Q010,E,Movie titles,3,Eastern Promises,eastern promises,1,0,1,Q010::3
part3_selfplay_outputs/self_obscure_20_llama_Player_2_Obscure.csv,self_obscure_20_llama_Player_2_Obscure,Q010,E,Movie titles,4,End of August,end of august,0,0,0,Q010::4
part3_selfplay_outputs/self_obscure_20_llama_Player_2_Obscure.csv,self_obscure_20_llama_Player_2_Obscure,Q011,F,Fish,0,Filamented Wolffish,filamented wolffish,1,0,1,Q011::0
part3_selfplay_outputs/self_obscure_20_llama_Player_2_Obscure.csv,self_obscure_20_llama_Player_2_Obscure,Q011,F,Fish,1,Frogfish,frogfish,0,0,0,Q011::1
part3_selfplay_outputs/self_obscure_20_llama_Player_2_Obscure.csv,self_obscure_20_llama_Player_2_Obscure,Q011,F,Fish,2,Fenugreek Seabass,fenugreek seabass,0,0,0,Q011::2
part3_selfplay_outputs/self_obscure_20_llama_Player_2_Obscure.csv,self_obscure_20_llama_Player_2_Obscure,Q011,F,Fish,3,Fanabilis,fanabilis,0,0,0,Q011::3
part3_selfplay_outputs/self_obscure_20_llama_Player_2_Obscure.csv,self_obscure_20_llama_Player_2_Obscure,Q011,F,Fish,4,Fathartia,fathartia,0,0,0,Q011::4
part3_selfplay_outputs/self_obscure_20_llama_Player_2_Obscure.csv,self_obscure_20_llama_Player_2_Obscure,Q012,F,Things in a backpack,0,Fuel injectors,fuel injectors,0,0,0,Q012::0
part3_selfplay_outputs/self_obscure_20_llama_Player_2_Obscure.csv,self_obscure_20_llama_Player_2_Obscure,Q012,F,Things in a backpack,1,Fire starters,fire starters,1,0,1,Q012::1
part3_selfplay_outputs/self_obscure_20_llama_Player_2_Obscure.csv,self_obscure_20_llama_Player_2_Obscure,Q012,F,Things in a backpack,2,Flapjack,flapjack,0,0,0,Q012::2
part3_selfplay_outputs/self_obscure_20_llama_Player_2_Obscure.csv,self_obscure_20_llama_Player_2_Obscure,Q012,F,Things in a backpack,3,Ferroequinario kit,ferroequinario kit,0,0,0,Q012::3
part3_selfplay_outputs/self_obscure_20_llama_Player_2_Obscure.csv,self_obscure_20_llama_Player_2_Obscure,Q012,F,Things in a backpack,4,Fish finder unit,fish finder unit,0,0,0,Q012::4
part3_selfplay_outputs/self_obscure_20_llama_Player_2_Obscure.csv,self_obscure_20_llama_Player_2_Obscure,Q013,G,U.S. states,0,Guam,guam,0,0,0,Q013::0
part3_selfplay_outputs/self_obscure_20_llama_Player_2_Obscure.csv,self_obscure_20_llama_Player_2_Obscure,Q013,G,U.S. states,1,Guam,guam,0,0,0,Q013::1
part3_selfplay_outputs/self_obscure_20_llama_Player_2_Obscure.csv,self_obscure_20_llama_Player_2_Obscure,Q013,G,U.S. states,2,Guam,guam,0,0,0,Q013::2
part3_selfplay_outputs/self_obscure_20_llama_Player_2_Obscure.csv,self_obscure_20_llama_Player_2_Obscure,Q013,G,U.S. states,3,Guam,guam,0,0,0,Q013::3
part3_selfplay_outputs/self_obscure_20_llama_Player_2_Obscure.csv,self_obscure_20_llama_Player_2_Obscure,Q013,G,U.S. states,4,Guam,guam,0,0,0,Q013::4
part3_selfplay_outputs/self_obscure_20_llama_Player_2_Obscure.csv,self_obscure_20_llama_Player_2_Obscure,Q014,G,Foods,0,Guanciale,guanciale,1,0,1,Q014::0
part3_selfplay_outputs/self_obscure_20_llama_Player_2_Obscure.csv,self_obscure_20_llama_Player_2_Obscure,Q014,G,Foods,1,Gajar Ka Halwa,gajar ka halwa,1,0,1,Q014::1
part3_selfplay_outputs/self_obscure_20_llama_Player_2_Obscure.csv,self_obscure_20_llama_Player_2_Obscure,Q014,G,Foods,2,Guanaja,guanaja,0,0,0,Q014::2
part3_selfplay_outputs/self_obscure_20_llama_Player_2_Obscure.csv,self_obscure_20_llama_Player_2_Obscure,Q014,G,Foods,3,Guanciale,guanciale,1,0,1,Q014::3
part3_selfplay_outputs/self_obscure_20_llama_Player_2_Obscure.csv,self_obscure_20_llama_Player_2_Obscure,Q014,G,Foods,4,Guanciale,guanciale,1,0,1,Q014::4
part3_selfplay_outputs/self_obscure_20_llama_Player_2_Obscure.csv,self_obscure_20_llama_Player_2_Obscure,Q015,H,Famous scientists,0,Helmut Mautner,helmut mautner,0,0,0,Q015::0
part3_selfplay_outputs/self_obscure_20_llama_Player_2_Obscure.csv,self_obscure_20_llama_Player_2_Obscure,Q015,H,Famous scientists,1,Helene Langevin-Joliot,helene langevin-joliot,1,0,1,Q015::1
part3_selfplay_outputs/self_obscure_20_llama_Player_2_Obscure.csv,self_obscure_20_llama_Player_2_Obscure,Q015,H,Famous scientists,2,Heisenberg,heisenberg,1,0,1,Q015::2
part3_selfplay_outputs/self_obscure_20_llama_Player_2_Obscure.csv,self_obscure_20_llama_Player_2_Obscure,Q015,H,Famous scientists,3,Helio von Campenhausen,helio von campenhausen,0,0,0,Q015::3
part3_selfplay_outputs/self_obscure_20_llama_Player_2_Obscure.csv,self_obscure_20_llama_Player_2_Obscure,Q015,H,Famous scientists,4,Hubert A. Humphrey,hubert a. humphrey,0,0,0,Q015::4
part3_selfplay_outputs/self_obscure_20_llama_Player_2_Obscure.csv,self_obscure_20_llama_Player_2_Obscure,Q016,H,Things at the beach,0,Heliographs,heliographs,0,0,0,Q016::0
part3_selfplay_outputs/self_obscure_20_llama_Player_2_Obscure.csv,self_obscure_20_llama_Player_2_Obscure,Q016,H,Things at the beach,1,Hydrolase,hydrolase,0,0,0,Q016::1
part3_selfplay_outputs/self_obscure_20_llama_Player_2_Obscure.csv,self_obscure_20_llama_Player_2_Obscure,Q016,H,Things at the beach,2,Heliograph,heliograph,0,0,0,Q016::2
part3_selfplay_outputs/self_obscure_20_llama_Player_2_Obscure.csv,self_obscure_20_llama_Player_2_Obscure,Q016,H,Things at the beach,3,Heliport,heliport,0,0,0,Q016::3
part3_selfplay_outputs/self_obscure_20_llama_Player_2_Obscure.csv,self_obscure_20_llama_Player_2_Obscure,Q016,H,Things at the beach,4,Heliography,heliography,0,0,0,Q016::4
part3_selfplay_outputs/self_obscure_20_llama_Player_2_Obscure.csv,self_obscure_20_llama_Player_2_Obscure,Q017,I,Cities,0,Ilha,ilha,0,0,0,Q017::0
part3_selfplay_outputs/self_obscure_20_llama_Player_2_Obscure.csv,self_obscure_20_llama_Player_2_Obscure,Q017,I,Cities,1,Imbabiri,imbabiri,0,0,0,Q017::1
part3_selfplay_outputs/self_obscure_20_llama_Player_2_Obscure.csv,self_obscure_20_llama_Player_2_Obscure,Q017,I,Cities,2,Imbissu,imbissu,0,0,0,Q017::2
part3_selfplay_outputs/self_obscure_20_llama_Player_2_Obscure.csv,self_obscure_20_llama_Player_2_Obscure,Q017,I,Cities,3,Itaiwa,itaiwa,0,0,0,Q017::3
part3_selfplay_outputs/self_obscure_20_llama_Player_2_Obscure.csv,self_obscure_20_llama_Player_2_Obscure,Q017,I,Cities,4,Ilheus,ilheus,1,0,1,Q017::4
part3_selfplay_outputs/self_obscure_20_llama_Player_2_Obscure.csv,self_obscure_20_llama_Player_2_Obscure,Q018,I,Things in a classroom,0,Instrument,instrument,1,0,1,Q018::0
part3_selfplay_outputs/self_obscure_20_llama_Player_2_Obscure.csv,self_obscure_20_llama_Player_2_Obscure,Q018,I,Things in a classroom,1,Inertial Dampeners,inertial dampeners,0,0,0,Q018::1
part3_selfplay_outputs/self_obscure_20_llama_Player_2_Obscure.csv,self_obscure_20_llama_Player_2_Obscure,Q018,I,Things in a classroom,2,Instrumentation for educational research,instrumentation for educational research,0,0,0,Q018::2
part3_selfplay_outputs/self_obscure_20_llama_Player_2_Obscure.csv,self_obscure_20_llama_Player_2_Obscure,Q018,I,Things in a classroom,3,Inkwell,inkwell,1,0,1,Q018::3
part3_selfplay_outputs/self_obscure_20_llama_Player_2_Obscure.csv,self_obscure_20_llama_Player_2_Obscure,Q018,I,Things in a classroom,4,Incunabula,incunabula,0,0,0,Q018::4
part3_selfplay_outputs/self_obscure_20_llama_Player_2_Obscure.csv,self_obscure_20_llama_Player_2_Obscure,Q019,J,Car brands,0,Jerantani,jerantani,0,0,0,Q019::0
part3_selfplay_outputs/self_obscure_20_llama_Player_2_Obscure.csv,self_obscure_20_llama_Player_2_Obscure,Q019,J,Car brands,1,Jensen,jensen,1,0,1,Q019::1
part3_selfplay_outputs/self_obscure_20_llama_Player_2_Obscure.csv,self_obscure_20_llama_Player_2_Obscure,Q019,J,Car brands,2,Jaguar Jensen,jaguar jensen,1,0,1,Q019::2
part3_selfplay_outputs/self_obscure_20_llama_Player_2_Obscure.csv,self_obscure_20_llama_Player_2_Obscure,Q019,J,Car brands,3,Jerison,jerison,0,0,0,Q019::3
part3_selfplay_outputs/self_obscure_20_llama_Player_2_Obscure.csv,self_obscure_20_llama_Player_2_Obscure,Q019,J,Car brands,4,Jaguar Irenda,jaguar irenda,0,0,0,Q019::4
part3_selfplay_outputs/self_obscure_20_llama_Player_2_Obscure.csv,self_obscure_20_llama_Player_2_Obscure,Q020,J,Video game titles,0,Juicy Jungle 3D,juicy jungle 3d,0,0,0,Q020::0
part3_selfplay_outputs/self_obscure_20_llama_Player_2_Obscure.csv,self_obscure_20_llama_Player_2_Obscure,Q020,J,Video game titles,1,Jiggy Puzzle Party,jiggy puzzle party,0,0,0,Q020::1
part3_selfplay_outputs/self_obscure_20_llama_Player_2_Obscure.csv,self_obscure_20_llama_Player_2_Obscure,Q020,J,Video game titles,2,Jet Set Radio 2,jet set radio 2,0,0,0,Q020::2
part3_selfplay_outputs/self_obscure_20_llama_Player_2_Obscure.csv,self_obscure_20_llama_Player_2_Obscure,Q020,J,Video game titles,3,Jet Set Radio 2,jet set radio 2,0,0,0,Q020::3
part3_selfplay_outputs/self_obscure_20_llama_Player_2_Obscure.csv,self_obscure_20_llama_Player_2_Obscure,Q020,J,Video game titles,4,Juicy Juice Jungle,juicy juice jungle,0,0,0,Q020::4
part3_selfplay_outputs/self_obscure_20_llama_Player_2_Obscure.csv,self_obscure_20_llama_Player_2_Obscure,Q021,K,Superheroes,0,Keyholder,keyholder,0,0,0,Q021::0
part3_selfplay_outputs/self_obscure_20_llama_Player_2_Obscure.csv,self_obscure_20_llama_Player_2_Obscure,Q021,K,Superheroes,1,Kalifan,kalifan,0,0,0,Q021::1
part3_selfplay_outputs/self_obscure_20_llama_Player_2_Obscure.csv,self_obscure_20_llama_Player_2_Obscure,Q021,K,Superheroes,2,Knights Caledonia,knights caledonia,0,0,0,Q021::2
part3_selfplay_outputs/self_obscure_20_llama_Player_2_Obscure.csv,self_obscure_20_llama_Player_2_Obscure,Q021,K,Superheroes,3,Kalendra,kalendra,0,0,0,Q021::3
part3_selfplay_outputs/self_obscure_20_llama_Player_2_Obscure.csv,self_obscure_20_llama_Player_2_Obscure,Q021,K,Superheroes,4,Keyhole,keyhole,0,0,0,Q021::4
part3_selfplay_outputs/self_obscure_20_llama_Player_2_Obscure.csv,self_obscure_20_llama_Player_2_Obscure,Q022,K,Things in a grocery store,0,Kimchi,kimchi,1,0,1,Q022::0
part3_selfplay_outputs/self_obscure_20_llama_Player_2_Obscure.csv,self_obscure_20_llama_Player_2_Obscure,Q022,K,Things in a grocery store,1,Kibbled cereals,kibbled cereals,0,0,0,Q022::1
part3_selfplay_outputs/self_obscure_20_llama_Player_2_Obscure.csv,self_obscure_20_llama_Player_2_Obscure,Q022,K,Things in a grocery store,2,Korean chili paste,korean chili paste,1,0,1,Q022::2
part3_selfplay_outputs/self_obscure_20_llama_Player_2_Obscure.csv,self_obscure_20_llama_Player_2_Obscure,Q022,K,Things in a grocery store,3,Kylobi brand rice cakes,kylobi brand rice cakes,0,0,0,Q022::3
part3_selfplay_outputs/self_obscure_20_llama_Player_2_Obscure.csv,self_obscure_20_llama_Player_2_Obscure,Q022,K,Things in a grocery store,4,Kohlrabi,kohlrabi,1,0,1,Q022::4
part3_selfplay_outputs/self_obscure_20_llama_Player_2_Obscure.csv,self_obscure_20_llama_Player_2_Obscure,Q023,L,Dog breeds,0,Lykoi,lykoi,1,0,1,Q023::0
part3_selfplay_outputs/self_obscure_20_llama_Player_2_Obscure.csv,self_obscure_20_llama_Player_2_Obscure,Q023,L,Dog breeds,1,Norwegian Lundehund,norwegian lundehund,1,0,1,Q023::1
part3_selfplay_outputs/self_obscure_20_llama_Player_2_Obscure.csv,self_obscure_20_llama_Player_2_Obscure,Q023,L,Dog breeds,2,Lundehund,lundehund,1,0,1,Q023::2
part3_selfplay_outputs/self_obscure_20_llama_Player_2_Obscure.csv,self_obscure_20_llama_Player_2_Obscure,Q023,L,Dog breeds,3,Lyonesse,lyonesse,0,0,0,Q023::3
part3_selfplay_outputs/self_obscure_20_llama_Player_2_Obscure.csv,self_obscure_20_llama_Player_2_Obscure,Q023,L,Dog breeds,4,Latvian Hound,latvian hound,1,1,0,Q023::4
part3_selfplay_outputs/self_obscure_20_llama_Player_2_Obscure.csv,self_obscure_20_llama_Player_2_Obscure,Q024,L,Books,0,Libro de los Abisme (Treatise on Fear and Courage by Giovanni,libro de los abisme (treatise on fear and courage by giovanni,0,0,0,Q024::0
part3_selfplay_outputs/self_obscure_20_llama_Player_2_Obscure.csv,self_obscure_20_llama_Player_2_Obscure,Q024,L,Books,1,Ludwig's Wedding,ludwig's wedding,0,0,0,Q024::1
part3_selfplay_outputs/self_obscure_20_llama_Player_2_Obscure.csv,self_obscure_20_llama_Player_2_Obscure,Q024,L,Books,2,Labyrinthine,labyrinthine,0,0,0,Q024::2
part3_selfplay_outputs/self_obscure_20_llama_Player_2_Obscure.csv,self_obscure_20_llama_Player_2_Obscure,Q024,L,Books,3,Libro De Los Poemas del Querolay,libro de los poemas del querolay,0,0,0,Q024::3
part3_selfplay_outputs/self_obscure_20_llama_Player_2_Obscure.csv,self_obscure_20_llama_Player_2_Obscure,Q024,L,Books,4,Labyrinths,labyrinths,0,0,0,Q024::4
part3_selfplay_outputs/self_obscure_20_llama_Player_2_Obscure.csv,self_obscure_20_llama_Player_2_Obscure,Q025,M,Languages,0,Maba,maba,0,0,0,Q025::0
part3_selfplay_outputs/self_obscure_20_llama_Player_2_Obscure.csv,self_obscure_20_llama_Player_2_Obscure,Q025,M,Languages,1,Mahgobi,mahgobi,0,0,0,Q025::1
part3_selfplay_outputs/self_obscure_20_llama_Player_2_Obscure.csv,self_obscure_20_llama_Player_2_Obscure,Q025,M,Languages,2,Manx,manx,1,0,1,Q025::2
part3_selfplay_outputs/self_obscure_20_llama_Player_2_Obscure.csv,self_obscure_20_llama_Player_2_Obscure,Q025,M,Languages,3,Mikae'e,mikae'e,0,0,0,Q025::3
part3_selfplay_outputs/self_obscure_20_llama_Player_2_Obscure.csv,self_obscure_20_llama_Player_2_Obscure,Q025,M,Languages,4,Mundurucü,munduruc,0,0,0,Q025::4
part3_selfplay_outputs/self_obscure_20_llama_Player_2_Obscure.csv,self_obscure_20_llama_Player_2_Obscure,Q026,M,Clothing items,0,Moufarraj,moufarraj,0,0,0,Q026::0
part3_selfplay_outputs/self_obscure_20_llama_Player_2_Obscure.csv,self_obscure_20_llama_Player_2_Obscure,Q026,M,Clothing items,1,Manteau,manteau,1,0,1,Q026::1
part3_selfplay_outputs/self_obscure_20_llama_Player_2_Obscure.csv,self_obscure_20_llama_Player_2_Obscure,Q026,M,Clothing items,2,Miwara,miwara,0,0,0,Q026::2
part3_selfplay_outputs/self_obscure_20_llama_Player_2_Obscure.csv,self_obscure_20_llama_Player_2_Obscure,Q026,M,Clothing items,3,Millefleur,millefleur,0,0,0,Q026::3
part3_selfplay_outputs/self_obscure_20_llama_Player_2_Obscure.csv,self_obscure_20_llama_Player_2_Obscure,Q026,M,Clothing items,4,Manchurian collar,manchurian collar,0,0,0,Q026::4
part3_selfplay_outputs/self_obscure_20_llama_Player_2_Obscure.csv,self_obscure_20_llama_Player_2_Obscure,Q027,N,Birds,0,Nahual,nahual,0,0,0,Q027::0
part3_selfplay_outputs/self_obscure_20_llama_Player_2_Obscure.csv,self_obscure_20_llama_Player_2_Obscure,Q027,N,Birds,1,Nambaria,nambaria,0,0,0,Q027::1
part3_selfplay_outputs/self_obscure_20_llama_Player_2_Obscure.csv,self_obscure_20_llama_Player_2_Obscure,Q027,N,Birds,2,Nesofreutes,nesofreutes,0,0,0,Q027::2
part3_selfplay_outputs/self_obscure_20_llama_Player_2_Obscure.csv,self_obscure_20_llama_Player_2_Obscure,Q027,N,Birds,3,Nahoolparis,nahoolparis,0,0,0,Q027::3
part3_selfplay_outputs/self_obscure_20_llama_Player_2_Obscure.csv,self_obscure_20_llama_Player_2_Obscure,Q027,N,Birds,4,Nihonori,nihonori,0,0,0,Q027::4
part3_selfplay_outputs/self_obscure_20_llama_Player_2_Obscure.csv,self_obscure_20_llama_Player_2_Obscure,Q028,N,Things in a hospital,0,Negative pressure system,negative pressure system,0,0,0,Q028::0
part3_selfplay_outputs/self_obscure_20_llama_Player_2_Obscure.csv,self_obscure_20_llama_Player_2_Obscure,Q028,N,Things in a hospital,1,Nuclear medicine imaging equipment,nuclear medicine imaging equipment,0,0,0,Q028::1
part3_selfplay_outputs/self_obscure_20_llama_Player_2_Obscure.csv,self_obscure_20_llama_Player_2_Obscure,Q028,N,Things in a hospital,2,Nasal Gauge,nasal gauge,0,0,0,Q028::2
part3_selfplay_outputs/self_obscure_20_llama_Player_2_Obscure.csv,self_obscure_20_llama_Player_2_Obscure,Q028,N,Things in a hospital,3,Neonatal Intensive Care Unit (NICU) monitors,neonatal intensive care unit (nicu) monitors,0,0,0,Q028::3
part3_selfplay_outputs/self_obscure_20_llama_Player_2_Obscure.csv,self_obscure_20_llama_Player_2_Obscure,Q028,N,Things in a hospital,4,Nephrocyte collection device,nephrocyte collection device,0,0,0,Q028::4
part3_selfplay_outputs/self_obscure_20_llama_Player_2_Obscure.csv,self_obscure_20_llama_Player_2_Obscure,Q029,O,Companies,0,Oroco Oil and Gas Services Limited,oroco oil and gas services limited,1,0,1,Q029::0
part3_selfplay_outputs/self_obscure_20_llama_Player_2_Obscure.csv,self_obscure_20_llama_Player_2_Obscure,Q029,O,Companies,1,Othonormal Laboratories,othonormal laboratories,0,0,0,Q029::1
part3_selfplay_outputs/self_obscure_20_llama_Player_2_Obscure.csv,self_obscure_20_llama_Player_2_Obscure,Q029,O,Companies,2,Olin Corporation,olin corporation,1,0,1,Q029::2
part3_selfplay_outputs/self_obscure_20_llama_Player_2_Obscure.csv,self_obscure_20_llama_Player_2_Obscure,Q029,O,Companies,3,Oroflex Pharmaceuticals,oroflex pharmaceuticals,0,0,0,Q029::3
part3_selfplay_outputs/self_obscure_20_llama_Player_2_Obscure.csv,self_obscure_20_llama_Player_2_Obscure,Q029,O,Companies,4,Onexia Corporation,onexia corporation,0,0,0,Q029::4
part3_selfplay_outputs/self_obscure_20_llama_Player_2_Obscure.csv,self_obscure_20_llama_Player_2_Obscure,Q030,O,Things in the sky,0,Orionid meteor shower,orionid meteor shower,0,0,0,Q030::0
part3_selfplay_outputs/self_obscure_20_llama_Player_2_Obscure.csv,self_obscure_20_llama_Player_2_Obscure,Q030,O,Things in the sky,1,Orionid meteoroid,orionid meteoroid,1,0,1,Q030::1
part3_selfplay_outputs/self_obscure_20_llama_Player_2_Obscure.csv,self_obscure_20_llama_Player_2_Obscure,Q030,O,Things in the sky,2,Oroblena,oroblena,0,0,0,Q030::2
part3_selfplay_outputs/self_obscure_20_llama_Player_2_Obscure.csv,self_obscure_20_llama_Player_2_Obscure,Q030,O,Things in the sky,3,Obelisk,obelisk,0,0,0,Q030::3
part3_selfplay_outputs/self_obscure_20_llama_Player_2_Obscure.csv,self_obscure_20_llama_Player_2_Obscure,Q030,O,Things in the sky,4,Obelisk,obelisk,0,0,0,Q030::4
part3_selfplay_outputs/self_obscure_20_llama_Player_2_Obscure.csv,self_obscure_20_llama_Player_2_Obscure,Q031,P,Vegetables,0,Purslane,purslane,1,0,1,Q031::0
part3_selfplay_outputs/self_obscure_20_llama_Player_2_Obscure.csv,self_obscure_20_llama_Player_2_Obscure,Q031,P,Vegetables,1,Parsnipnet,parsnipnet,0,0,0,Q031::1
part3_selfplay_outputs/self_obscure_20_llama_Player_2_Obscure.csv,self_obscure_20_llama_Player_2_Obscure,Q031,P,Vegetables,2,Peruvian Potato,peruvian potato,1,0,1,Q031::2
part3_selfplay_outputs/self_obscure_20_llama_Player_2_Obscure.csv,self_obscure_20_llama_Player_2_Obscure,Q031,P,Vegetables,3,Petiole,petiole,1,0,1,Q031::3
part3_selfplay_outputs/self_obscure_20_llama_Player_2_Obscure.csv,self_obscure_20_llama_Player_2_Obscure,Q031,P,Vegetables,4,Parwal,parwal,1,0,1,Q031::4
part3_selfplay_outputs/self_obscure_20_llama_Player_2_Obscure.csv,self_obscure_20_llama_Player_2_Obscure,Q032,P,Historical figures,0,Princess Pocahontas,princess pocahontas,0,0,0,Q032::0
part3_selfplay_outputs/self_obscure_20_llama_Player_2_Obscure.csv,self_obscure_20_llama_Player_2_Obscure,Q032,P,Historical figures,1,Peter II of Serbia,peter ii of serbia,1,0,1,Q032::1
part3_selfplay_outputs/self_obscure_20_llama_Player_2_Obscure.csv,self_obscure_20_llama_Player_2_Obscure,Q032,P,Historical figures,2,Prince Paget,prince paget,0,0,0,Q032::2
part3_selfplay_outputs/self_obscure_20_llama_Player_2_Obscure.csv,self_obscure_20_llama_Player_2_Obscure,Q032,P,Historical figures,3,Perizonius,perizonius,0,0,0,Q032::3
part3_selfplay_outputs/self_obscure_20_llama_Player_2_Obscure.csv,self_obscure_20_llama_Player_2_Obscure,Q032,P,Historical figures,4,Piri Reis,piri reis,1,0,1,Q032::4
part3_selfplay_outputs/self_obscure_20_llama_Player_2_Obscure.csv,self_obscure_20_llama_Player_2_Obscure,Q033,Q,Words in English,0,Quincunx,quincunx,1,1,0,Q033::0
part3_selfplay_outputs/self_obscure_20_llama_Player_2_Obscure.csv,self_obscure_20_llama_Player_2_Obscure,Q033,Q,Words in English,1,Quincunx,quincunx,1,1,0,Q033::1
part3_selfplay_outputs/self_obscure_20_llama_Player_2_Obscure.csv,self_obscure_20_llama_Player_2_Obscure,Q033,Q,Words in English,2,Quincunx,quincunx,1,1,0,Q033::2
part3_selfplay_outputs/self_obscure_20_llama_Player_2_Obscure.csv,self_obscure_20_llama_Player_2_Obscure,Q033,Q,Words in English,3,Quincunx,quincunx,1,1,0,Q033::3
part3_selfplay_outputs/self_obscure_20_llama_Player_2_Obscure.csv,self_obscure_20_llama_Player_2_Obscure,Q033,Q,Words in English,4,Quincunx,quincunx,1,1,0,Q033::4
part3_selfplay_outputs/self_obscure_20_llama_Player_2_Obscure.csv,self_obscure_20_llama_Player_2_Obscure,Q034,Q,Fictional characters,0,Quasimodo,quasimodo,1,1,0,Q034::0
part3_selfplay_outputs/self_obscure_20_llama_Player_2_Obscure.csv,self_obscure_20_llama_Player_2_Obscure,Q034,Q,Fictional characters,1,Quasimodo,quasimodo,1,1,0,Q034::1
part3_selfplay_outputs/self_obscure_20_llama_Player_2_Obscure.csv,self_obscure_20_llama_Player_2_Obscure,Q034,Q,Fictional characters,2,Qwyler Wystan,qwyler wystan,0,0,0,Q034::2
part3_selfplay_outputs/self_obscure_20_llama_Player_2_Obscure.csv,self_obscure_20_llama_Player_2_Obscure,Q034,Q,Fictional characters,3,Quasar (from The Transformers franchise),quasar (from the transformers franchise,0,0,0,Q034::3
part3_selfplay_outputs/self_obscure_20_llama_Player_2_Obscure.csv,self_obscure_20_llama_Player_2_Obscure,Q034,Q,Fictional characters,4,Quasar Child,quasar child,0,0,0,Q034::4
part3_selfplay_outputs/self_obscure_20_llama_Player_2_Obscure.csv,self_obscure_20_llama_Player_2_Obscure,Q035,R,Songs,0,Requiem Masses for Women,requiem masses for women,0,0,0,Q035::0
part3_selfplay_outputs/self_obscure_20_llama_Player_2_Obscure.csv,self_obscure_20_llama_Player_2_Obscure,Q035,R,Songs,1,Révérence à Saint-Denis,révérence à saint-denis,0,0,0,Q035::1
part3_selfplay_outputs/self_obscure_20_llama_Player_2_Obscure.csv,self_obscure_20_llama_Player_2_Obscure,Q035,R,Songs,2,Ribbit 20,ribbit 20,0,0,0,Q035::2
part3_selfplay_outputs/self_obscure_20_llama_Player_2_Obscure.csv,self_obscure_20_llama_Player_2_Obscure,Q035,R,Songs,3,René & Jean: Le Thème de la Vallée,rené & jean: le thème de la vallée,0,0,0,Q035::3
part3_selfplay_outputs/self_obscure_20_llama_Player_2_Obscure.csv,self_obscure_20_llama_Player_2_Obscure,Q035,R,Songs,4,Ragga Scoundrel,ragga scoundrel,0,0,0,Q035::4
part3_selfplay_outputs/self_obscure_20_llama_Player_2_Obscure.csv,self_obscure_20_llama_Player_2_Obscure,Q036,R,Tools,0,Renner Tool Company,renner tool company,0,0,0,Q036::0
part3_selfplay_outputs/self_obscure_20_llama_Player_2_Obscure.csv,self_obscure_20_llama_Player_2_Obscure,Q036,R,Tools,1,Romexa,romexa,0,0,0,Q036::1
part3_selfplay_outputs/self_obscure_20_llama_Player_2_Obscure.csv,self_obscure_20_llama_Player_2_Obscure,Q036,R,Tools,2,Ratchet & Clank (game engine),ratchet & clank (game engine,0,0,0,Q036::2
part3_selfplay_outputs/self_obscure_20_llama_Player_2_Obscure.csv,self_obscure_20_llama_Player_2_Obscure,Q036,R,Tools,3,Rhodoid,rhodoid,0,0,0,Q036::3
part3_selfplay_outputs/self_obscure_20_llama_Player_2_Obscure.csv,self_obscure_20_llama_Player_2_Obscure,Q036,R,Tools,4,Renkus-Heizel,renkus-heizel,0,0,0,Q036::4
part3_selfplay_outputs/self_obscure_20_llama_Player_2_Obscure.csv,self_obscure_20_llama_Player_2_Obscure,Q037,S,Animals,0,Siberian Iris Beetle,siberian iris beetle,0,0,0,Q037::0
part3_selfplay_outputs/self_obscure_20_llama_Player_2_Obscure.csv,self_obscure_20_llama_Player_2_Obscure,Q037,S,Animals,1,Slipper Orchid Toad,slipper orchid toad,0,0,0,Q037::1
part3_selfplay_outputs/self_obscure_20_llama_Player_2_Obscure.csv,self_obscure_20_llama_Player_2_Obscure,Q037,S,Animals,2,Scaly-footed fish,scaly-footed fish,0,0,0,Q037::2
part3_selfplay_outputs/self_obscure_20_llama_Player_2_Obscure.csv,self_obscure_20_llama_Player_2_Obscure,Q037,S,Animals,3,Scytodes,scytodes,1,0,1,Q037::3
part3_selfplay_outputs/self_obscure_20_llama_Player_2_Obscure.csv,self_obscure_20_llama_Player_2_Obscure,Q037,S,Animals,4,Simien Longnecked Mongoose,simien longnecked mongoose,0,0,0,Q037::4
part3_selfplay_outputs/self_obscure_20_llama_Player_2_Obscure.csv,self_obscure_20_llama_Player_2_Obscure,Q038,S,Things in an office,0,Supersatellite,supersatellite,0,0,0,Q038::0
part3_selfplay_outputs/self_obscure_20_llama_Player_2_Obscure.csv,self_obscure_20_llama_Player_2_Obscure,Q038,S,Things in an office,1,Stationery cart,stationery cart,1,0,1,Q038::1
part3_selfplay_outputs/self_obscure_20_llama_Player_2_Obscure.csv,self_obscure_20_llama_Player_2_Obscure,Q038,S,Things in an office,2,Scotchmaster,scotchmaster,0,0,0,Q038::2
part3_selfplay_outputs/self_obscure_20_llama_Player_2_Obscure.csv,self_obscure_20_llama_Player_2_Obscure,Q038,S,Things in an office,3,Snurfkin,snurfkin,0,0,0,Q038::3
part3_selfplay_outputs/self_obscure_20_llama_Player_2_Obscure.csv,self_obscure_20_llama_Player_2_Obscure,Q038,S,Things in an office,4,Sensographometer,sensographometer,0,0,0,Q038::4
part3_selfplay_outputs/self_obscure_20_llama_Player_2_Obscure.csv,self_obscure_20_llama_Player_2_Obscure,Q039,T,Countries,0,Tuvalu,tuvalu,1,1,0,Q039::0
part3_selfplay_outputs/self_obscure_20_llama_Player_2_Obscure.csv,self_obscure_20_llama_Player_2_Obscure,Q039,T,Countries,1,Turkmenistan,turkmenistan,1,0,1,Q039::1
part3_selfplay_outputs/self_obscure_20_llama_Player_2_Obscure.csv,self_obscure_20_llama_Player_2_Obscure,Q039,T,Countries,2,Tuvalu,tuvalu,1,1,0,Q039::2
part3_selfplay_outputs/self_obscure_20_llama_Player_2_Obscure.csv,self_obscure_20_llama_Player_2_Obscure,Q039,T,Countries,3,Tuvalu,tuvalu,1,1,0,Q039::3
part3_selfplay_outputs/self_obscure_20_llama_Player_2_Obscure.csv,self_obscure_20_llama_Player_2_Obscure,Q039,T,Countries,4,Tuvalu,tuvalu,1,1,0,Q039::4
part3_selfplay_outputs/self_obscure_20_llama_Player_2_Obscure.csv,self_obscure_20_llama_Player_2_Obscure,Q040,T,TV shows,0,Tales from Moonstone Lake,tales from moonstone lake,0,0,0,Q040::0
part3_selfplay_outputs/self_obscure_20_llama_Player_2_Obscure.csv,self_obscure_20_llama_Player_2_Obscure,Q040,T,TV shows,1,Treasure Hill Hotel,treasure hill hotel,0,0,0,Q040::1
part3_selfplay_outputs/self_obscure_20_llama_Player_2_Obscure.csv,self_obscure_20_llama_Player_2_Obscure,Q040,T,TV shows,2,Tales of a Royal Wedding,tales of a royal wedding,0,0,0,Q040::2
part3_selfplay_outputs/self_obscure_20_llama_Player_2_Obscure.csv,self_obscure_20_llama_Player_2_Obscure,Q040,T,TV shows,3,Tabatha takes Over,tabatha takes over,1,0,1,Q040::3
part3_selfplay_outputs/self_obscure_20_llama_Player_2_Obscure.csv,self_obscure_20_llama_Player_2_Obscure,Q040,T,TV shows,4,Turn On Your Mind,turn on your mind,0,0,0,Q040::4
part3_selfplay_outputs/self_obscure_20_llama_Player_2_Obscure.csv,self_obscure_20_llama_Player_2_Obscure,Q041,U,U.S. colleges,0,University of East Alabama,university of east alabama,0,0,0,Q041::0
part3_selfplay_outputs/self_obscure_20_llama_Player_2_Obscure.csv,self_obscure_20_llama_Player_2_Obscure,Q041,U,U.S. colleges,1,United States University (now defunct),united states university (now defunct,0,0,0,Q041::1
part3_selfplay_outputs/self_obscure_20_llama_Player_2_Obscure.csv,self_obscure_20_llama_Player_2_Obscure,Q041,U,U.S. colleges,2,Utah Valley University,utah valley university,1,0,1,Q041::2
part3_selfplay_outputs/self_obscure_20_llama_Player_2_Obscure.csv,self_obscure_20_llama_Player_2_Obscure,Q041,U,U.S. colleges,3,University of Northern Iowa,university of northern iowa,1,0,1,Q041::3
part3_selfplay_outputs/self_obscure_20_llama_Player_2_Obscure.csv,self_obscure_20_llama_Player_2_Obscure,Q041,U,U.S. colleges,4,Uwantje Junior College,uwantje junior college,0,0,0,Q041::4
part3_selfplay_outputs/self_obscure_20_llama_Player_2_Obscure.csv,self_obscure_20_llama_Player_2_Obscure,Q042,U,Things in a garage,0,Upholstery fabric spool,upholstery fabric spool,0,0,0,Q042::0
part3_selfplay_outputs/self_obscure_20_llama_Player_2_Obscure.csv,self_obscure_20_llama_Player_2_Obscure,Q042,U,Things in a garage,1,Universal Joint Press,universal joint press,0,0,0,Q042::1
part3_selfplay_outputs/self_obscure_20_llama_Player_2_Obscure.csv,self_obscure_20_llama_Player_2_Obscure,Q042,U,Things in a garage,2,Uncorded spring,uncorded spring,0,0,0,Q042::2
part3_selfplay_outputs/self_obscure_20_llama_Player_2_Obscure.csv,self_obscure_20_llama_Player_2_Obscure,Q042,U,Things in a garage,3,Urethane foam sealant,urethane foam sealant,1,0,1,Q042::3
part3_selfplay_outputs/self_obscure_20_llama_Player_2_Obscure.csv,self_obscure_20_llama_Player_2_Obscure,Q042,U,Things in a garage,4,Umbilical cord stretcher,umbilical cord stretcher,0,0,0,Q042::4
part3_selfplay_outputs/self_obscure_20_llama_Player_2_Obscure.csv,self_obscure_20_llama_Player_2_Obscure,Q043,V,Jobs,0,Vespertine,vespertine,0,0,0,Q043::0
part3_selfplay_outputs/self_obscure_20_llama_Player_2_Obscure.csv,self_obscure_20_llama_Player_2_Obscure,Q043,V,Jobs,1,Vespulationary Technician,vespulationary technician,0,0,0,Q043::1
part3_selfplay_outputs/self_obscure_20_llama_Player_2_Obscure.csv,self_obscure_20_llama_Player_2_Obscure,Q043,V,Jobs,2,Venerologist,venerologist,0,0,0,Q043::2
part3_selfplay_outputs/self_obscure_20_llama_Player_2_Obscure.csv,self_obscure_20_llama_Player_2_Obscure,Q043,V,Jobs,3,Vesuvian,vesuvian,0,0,0,Q043::3
part3_selfplay_outputs/self_obscure_20_llama_Player_2_Obscure.csv,self_obscure_20_llama_Player_2_Obscure,Q043,V,Jobs,4,Vocal Therapist,vocal therapist,1,0,1,Q043::4
part3_selfplay_outputs/self_obscure_20_llama_Player_2_Obscure.csv,self_obscure_20_llama_Player_2_Obscure,Q044,V,Things you wear,0,Valum pupilla,valum pupilla,0,0,0,Q044::0
part3_selfplay_outputs/self_obscure_20_llama_Player_2_Obscure.csv,self_obscure_20_llama_Player_2_Obscure,Q044,V,Things you wear,1,Vellum vest,vellum vest,0,0,0,Q044::1
part3_selfplay_outputs/self_obscure_20_llama_Player_2_Obscure.csv,self_obscure_20_llama_Player_2_Obscure,Q044,V,Things you wear,2,Vellum cap,vellum cap,0,0,0,Q044::2
part3_selfplay_outputs/self_obscure_20_llama_Player_2_Obscure.csv,self_obscure_20_llama_Player_2_Obscure,Q044,V,Things you wear,3,Visier,visier,0,0,0,Q044::3
part3_selfplay_outputs/self_obscure_20_llama_Player_2_Obscure.csv,self_obscure_20_llama_Player_2_Obscure,Q044,V,Things you wear,4,Vapchinkas,vapchinkas,0,0,0,Q044::4
part3_selfplay_outputs/self_obscure_20_llama_Player_2_Obscure.csv,self_obscure_20_llama_Player_2_Obscure,Q045,W,Cities,0,Warwick,warwick,1,0,1,Q045::0
part3_selfplay_outputs/self_obscure_20_llama_Player_2_Obscure.csv,self_obscure_20_llama_Player_2_Obscure,Q045,W,Cities,1,Warwick,warwick,1,0,1,Q045::1
part3_selfplay_outputs/self_obscure_20_llama_Player_2_Obscure.csv,self_obscure_20_llama_Player_2_Obscure,Q045,W,Cities,2,Wrangell Alaska,wrangell alaska,1,0,1,Q045::2
part3_selfplay_outputs/self_obscure_20_llama_Player_2_Obscure.csv,self_obscure_20_llama_Player_2_Obscure,Q045,W,Cities,3,Wailea,wailea,1,0,1,Q045::3
part3_selfplay_outputs/self_obscure_20_llama_Player_2_Obscure.csv,self_obscure_20_llama_Player_2_Obscure,Q045,W,Cities,4,Winona Heights,winona heights,0,0,0,Q045::4
part3_selfplay_outputs/self_obscure_20_llama_Player_2_Obscure.csv,self_obscure_20_llama_Player_2_Obscure,Q046,W,Things in a park,0,Winter garden,winter garden,0,0,0,Q046::0
part3_selfplay_outputs/self_obscure_20_llama_Player_2_Obscure.csv,self_obscure_20_llama_Player_2_Obscure,Q046,W,Things in a park,1,Waistline markers,waistline markers,0,0,0,Q046::1
part3_selfplay_outputs/self_obscure_20_llama_Player_2_Obscure.csv,self_obscure_20_llama_Player_2_Obscure,Q046,W,Things in a park,2,Wych elm,wych elm,1,0,1,Q046::2
part3_selfplay_outputs/self_obscure_20_llama_Player_2_Obscure.csv,self_obscure_20_llama_Player_2_Obscure,Q046,W,Things in a park,3,Whirligig,whirligig,1,0,1,Q046::3
part3_selfplay_outputs/self_obscure_20_llama_Player_2_Obscure.csv,self_obscure_20_llama_Player_2_Obscure,Q046,W,Things in a park,4,Water feature,water feature,1,0,1,Q046::4
part3_selfplay_outputs/self_obscure_20_llama_Player_2_Obscure.csv,self_obscure_20_llama_Player_2_Obscure,Q047,X,Brands,0,XanGo,xango,0,0,0,Q047::0
part3_selfplay_outputs/self_obscure_20_llama_Player_2_Obscure.csv,self_obscure_20_llama_Player_2_Obscure,Q047,X,Brands,1,Xanthan Gum Inc,xanthan gum inc,0,0,0,Q047::1
part3_selfplay_outputs/self_obscure_20_llama_Player_2_Obscure.csv,self_obscure_20_llama_Player_2_Obscure,Q047,X,Brands,2,Xeros Photography,xeros photography,0,0,0,Q047::2
part3_selfplay_outputs/self_obscure_20_llama_Player_2_Obscure.csv,self_obscure_20_llama_Player_2_Obscure,Q047,X,Brands,3,Xeriscon,xeriscon,0,0,0,Q047::3
part3_selfplay_outputs/self_obscure_20_llama_Player_2_Obscure.csv,self_obscure_20_llama_Player_2_Obscure,Q047,X,Brands,4,Xanthenol,xanthenol,0,0,0,Q047::4
part3_selfplay_outputs/self_obscure_20_llama_Player_2_Obscure.csv,self_obscure_20_llama_Player_2_Obscure,Q048,X,Words in English,0,Xanthosis,xanthosis,1,1,0,Q048::0
part3_selfplay_outputs/self_obscure_20_llama_Player_2_Obscure.csv,self_obscure_20_llama_Player_2_Obscure,Q048,X,Words in English,1,Xanthosis,xanthosis,1,0,1,Q048::1
part3_selfplay_outputs/self_obscure_20_llama_Player_2_Obscure.csv,self_obscure_20_llama_Player_2_Obscure,Q048,X,Words in English,2,Xanthosis,xanthosis,1,1,0,Q048::2
part3_selfplay_outputs/self_obscure_20_llama_Player_2_Obscure.csv,self_obscure_20_llama_Player_2_Obscure,Q048,X,Words in English,3,Xanthosis,xanthosis,1,0,1,Q048::3
part3_selfplay_outputs/self_obscure_20_llama_Player_2_Obscure.csv,self_obscure_20_llama_Player_2_Obscure,Q048,X,Words in English,4,Xanthosis,xanthosis,1,1,0,Q048::4
part3_selfplay_outputs/self_obscure_20_llama_Player_2_Obscure.csv,self_obscure_20_llama_Player_2_Obscure,Q049,Y,Foods,0,Yellowtail Rockfish,yellowtail rockfish,1,0,1,Q049::0
part3_selfplay_outputs/self_obscure_20_llama_Player_2_Obscure.csv,self_obscure_20_llama_Player_2_Obscure,Q049,Y,Foods,1,Yunyu,yunyu,0,0,0,Q049::1
part3_selfplay_outputs/self_obscure_20_llama_Player_2_Obscure.csv,self_obscure_20_llama_Player_2_Obscure,Q049,Y,Foods,2,Yacón,yacón,1,0,1,Q049::2
part3_selfplay_outputs/self_obscure_20_llama_Player_2_Obscure.csv,self_obscure_20_llama_Player_2_Obscure,Q049,Y,Foods,3,Yubari King Melon,yubari king melon,1,0,1,Q049::3
part3_selfplay_outputs/self_obscure_20_llama_Player_2_Obscure.csv,self_obscure_20_llama_Player_2_Obscure,Q049,Y,Foods,4,Yubari King Melon,yubari king melon,1,0,1,Q049::4
part3_selfplay_outputs/self_obscure_20_llama_Player_2_Obscure.csv,self_obscure_20_llama_Player_2_Obscure,Q050,Y,Things at a party,0,Yellow brick tobacco pipe,yellow brick tobacco pipe,0,0,0,Q050::0
part3_selfplay_outputs/self_obscure_20_llama_Player_2_Obscure.csv,self_obscure_20_llama_Player_2_Obscure,Q050,Y,Things at a party,1,Yakschin,yakschin,0,0,0,Q050::1
part3_selfplay_outputs/self_obscure_20_llama_Player_2_Obscure.csv,self_obscure_20_llama_Player_2_Obscure,Q050,Y,Things at a party,2,Yacovella parvifector,yacovella parvifector,0,0,0,Q050::2
part3_selfplay_outputs/self_obscure_20_llama_Player_2_Obscure.csv,self_obscure_20_llama_Player_2_Obscure,Q050,Y,Things at a party,3,Yunzai,yunzai,0,0,0,Q050::3
part3_selfplay_outputs/self_obscure_20_llama_Player_2_Obscure.csv,self_obscure_20_llama_Player_2_Obscure,Q050,Y,Things at a party,4,Yakhchāl,yakhchāl,0,0,0,Q050::4
part3_selfplay_outputs/self_obscure_20_llama_Player_2_Obscure.csv,self_obscure_20_llama_Player_2_Obscure,Q051,Z,Animals,0,Zanzibar red tortoise,zanzibar red tortoise,1,0,1,Q051::0
part3_selfplay_outputs/self_obscure_20_llama_Player_2_Obscure.csv,self_obscure_20_llama_Player_2_Obscure,Q051,Z,Animals,1,Zanzibar Redbreast,zanzibar redbreast,1,0,1,Q051::1
part3_selfplay_outputs/self_obscure_20_llama_Player_2_Obscure.csv,self_obscure_20_llama_Player_2_Obscure,Q051,Z,Animals,2,Zyzicola,zyzicola,1,0,1,Q051::2
part3_selfplay_outputs/self_obscure_20_llama_Player_2_Obscure.csv,self_obscure_20_llama_Player_2_Obscure,Q051,Z,Animals,3,Zobelliga,zobelliga,0,0,0,Q051::3
part3_selfplay_outputs/self_obscure_20_llama_Player_2_Obscure.csv,self_obscure_20_llama_Player_2_Obscure,Q051,Z,Animals,4,Zanzibar red frog,zanzibar red frog,1,0,1,Q051::4
part3_selfplay_outputs/self_obscure_20_llama_Player_2_Obscure.csv,self_obscure_20_llama_Player_2_Obscure,Q052,Z,Things in a zoo,0,Zooides,zooides,0,0,0,Q052::0
part3_selfplay_outputs/self_obscure_20_llama_Player_2_Obscure.csv,self_obscure_20_llama_Player_2_Obscure,Q052,Z,Things in a zoo,1,Zoraptera,zoraptera,0,0,0,Q052::1
part3_selfplay_outputs/self_obscure_20_llama_Player_2_Obscure.csv,self_obscure_20_llama_Player_2_Obscure,Q052,Z,Things in a zoo,2,Zebra mussel cradle,zebra mussel cradle,0,0,0,Q052::2
part3_selfplay_outputs/self_obscure_20_llama_Player_2_Obscure.csv,self_obscure_20_llama_Player_2_Obscure,Q052,Z,Things in a zoo,3,Zorse,zorse,1,0,1,Q052::3
part3_selfplay_outputs/self_obscure_20_llama_Player_2_Obscure.csv,self_obscure_20_llama_Player_2_Obscure,Q052,Z,Things in a zoo,4,Zanzibar Red Baboon,zanzibar red baboon,1,0,1,Q052::4
part3_selfplay_outputs/self_obscure_20_llama_Player_2_Obscure.csv,self_obscure_20_llama_Player_2_Obscure,Q053,A,Things in a kitchen,0,Aspic,aspic,1,0,1,Q053::0
part3_selfplay_outputs/self_obscure_20_llama_Player_2_Obscure.csv,self_obscure_20_llama_Player_2_Obscure,Q053,A,Things in a kitchen,1,Andemole,andemole,0,0,0,Q053::1
part3_selfplay_outputs/self_obscure_20_llama_Player_2_Obscure.csv,self_obscure_20_llama_Player_2_Obscure,Q053,A,Things in a kitchen,2,Agingel (mold that forms on citrus fruits and affects flavor and texture,agingel (mold that forms on citrus fruits and affects flavor and texture,0,0,0,Q053::2
part3_selfplay_outputs/self_obscure_20_llama_Player_2_Obscure.csv,self_obscure_20_llama_Player_2_Obscure,Q053,A,Things in a kitchen,3,Avocado pit separator,avocado pit separator,0,0,0,Q053::3
part3_selfplay_outputs/self_obscure_20_llama_Player_2_Obscure.csv,self_obscure_20_llama_Player_2_Obscure,Q053,A,Things in a kitchen,4,Ameisenbrotgerbe,ameisenbrotgerbe,0,0,0,Q053::4
part3_selfplay_outputs/self_obscure_20_llama_Player_2_Obscure.csv,self_obscure_20_llama_Player_2_Obscure,Q054,B,Singers,0,Bakaorem,bakaorem,0,0,0,Q054::0
part3_selfplay_outputs/self_obscure_20_llama_Player_2_Obscure.csv,self_obscure_20_llama_Player_2_Obscure,Q054,B,Singers,1,Bernadette Andrea Starbuck,bernadette andrea starbuck,0,0,0,Q054::1
part3_selfplay_outputs/self_obscure_20_llama_Player_2_Obscure.csv,self_obscure_20_llama_Player_2_Obscure,Q054,B,Singers,2,Babs Gregory,babs gregory,0,0,0,Q054::2
part3_selfplay_outputs/self_obscure_20_llama_Player_2_Obscure.csv,self_obscure_20_llama_Player_2_Obscure,Q054,B,Singers,3,Berndemann,berndemann,0,0,0,Q054::3
part3_selfplay_outputs/self_obscure_20_llama_Player_2_Obscure.csv,self_obscure_20_llama_Player_2_Obscure,Q054,B,Singers,4,Blitzen Aspa,blitzen aspa,0,0,0,Q054::4
part3_selfplay_outputs/self_obscure_20_llama_Player_2_Obscure.csv,self_obscure_20_llama_Player_2_Obscure,Q055,C,Desserts,0,Chiboust Creams,chiboust creams,0,0,0,Q055::0
part3_selfplay_outputs/self_obscure_20_llama_Player_2_Obscure.csv,self_obscure_20_llama_Player_2_Obscure,Q055,C,Desserts,1,Croquembouche aux Fruits,croquembouche aux fruits,0,0,0,Q055::1
part3_selfplay_outputs/self_obscure_20_llama_Player_2_Obscure.csv,self_obscure_20_llama_Player_2_Obscure,Q055,C,Desserts,2,Crème brûlée de Chantilly,crème brûlée de chantilly,0,0,0,Q055::2
part3_selfplay_outputs/self_obscure_20_llama_Player_2_Obscure.csv,self_obscure_20_llama_Player_2_Obscure,Q055,C,Desserts,3,Cannelés,cannelés,1,0,1,Q055::3
part3_selfplay_outputs/self_obscure_20_llama_Player_2_Obscure.csv,self_obscure_20_llama_Player_2_Obscure,Q055,C,Desserts,4,Crème Brûlée,crème brûlée,1,0,1,Q055::4
part3_selfplay_outputs/self_obscure_20_llama_Player_2_Obscure.csv,self_obscure_20_llama_Player_2_Obscure,Q056,D,Plants,0,Desmodium interruptum,desmodium interruptum,1,0,1,Q056::0
part3_selfplay_outputs/self_obscure_20_llama_Player_2_Obscure.csv,self_obscure_20_llama_Player_2_Obscure,Q056,D,Plants,1,Didodendron barombiensis,didodendron barombiensis,0,0,0,Q056::1
part3_selfplay_outputs/self_obscure_20_llama_Player_2_Obscure.csv,self_obscure_20_llama_Player_2_Obscure,Q056,D,Plants,2,Desfontainesia,desfontainesia,1,0,1,Q056::2
part3_selfplay_outputs/self_obscure_20_llama_Player_2_Obscure.csv,self_obscure_20_llama_Player_2_Obscure,Q056,D,Plants,3,Desmoschus,desmoschus,0,0,0,Q056::3
part3_selfplay_outputs/self_obscure_20_llama_Player_2_Obscure.csv,self_obscure_20_llama_Player_2_Obscure,Q056,D,Plants,4,Drimys latifolia,drimys latifolia,1,0,1,Q056::4
part3_selfplay_outputs/self_obscure_20_llama_Player_2_Obscure.csv,self_obscure_20_llama_Player_2_Obscure,Q057,E,Companies,0,Ecologic Institute,ecologic institute,0,0,0,Q057::0
part3_selfplay_outputs/self_obscure_20_llama_Player_2_Obscure.csv,self_obscure_20_llama_Player_2_Obscure,Q057,E,Companies,1,Esoteric Industries Inc,esoteric industries inc,0,0,0,Q057::1
part3_selfplay_outputs/self_obscure_20_llama_Player_2_Obscure.csv,self_obscure_20_llama_Player_2_Obscure,Q057,E,Companies,2,Emile Brichambaut et Cie,emile brichambaut et cie,0,0,0,Q057::2
part3_selfplay_outputs/self_obscure_20_llama_Player_2_Obscure.csv,self_obscure_20_llama_Player_2_Obscure,Q057,E,Companies,3,Emery Soma Ltd,emery soma ltd,0,0,0,Q057::3
part3_selfplay_outputs/self_obscure_20_llama_Player_2_Obscure.csv,self_obscure_20_llama_Player_2_Obscure,Q057,E,Companies,4,Eucalyptol Corporation,eucalyptol corporation,0,0,0,Q057::4
part3_selfplay_outputs/self_obscure_20_llama_Player_2_Obscure.csv,self_obscure_20_llama_Player_2_Obscure,Q058,F,Movie characters,0,Farbismodrig,farbismodrig,0,0,0,Q058::0
part3_selfplay_outputs/self_obscure_20_llama_Player_2_Obscure.csv,self_obscure_20_llama_Player_2_Obscure,Q058,F,Movie characters,1,Fenimore Dalton,fenimore dalton,0,0,0,Q058::1
part3_selfplay_outputs/self_obscure_20_llama_Player_2_Obscure.csv,self_obscure_20_llama_Player_2_Obscure,Q058,F,Movie characters,2,Falkor,falkor,1,0,1,Q058::2
part3_selfplay_outputs/self_obscure_20_llama_Player_2_Obscure.csv,self_obscure_20_llama_Player_2_Obscure,Q058,F,Movie characters,3,Father Dennis,father dennis,0,0,0,Q058::3
part3_selfplay_outputs/self_obscure_20_llama_Player_2_Obscure.csv,self_obscure_20_llama_Player_2_Obscure,Q058,F,Movie characters,4,Flammaker,flammaker,0,0,0,Q058::4
part3_selfplay_outputs/self_obscure_20_llama_Player_2_Obscure.csv,self_obscure_20_llama_Player_2_Obscure,Q059,G,Things in a toolbox,0,Gudgeon wrench,gudgeon wrench,0,0,0,Q059::0
part3_selfplay_outputs/self_obscure_20_llama_Player_2_Obscure.csv,self_obscure_20_llama_Player_2_Obscure,Q059,G,Things in a toolbox,1,Gaskets,gaskets,1,0,1,Q059::1
part3_selfplay_outputs/self_obscure_20_llama_Player_2_Obscure.csv,self_obscure_20_llama_Player_2_Obscure,Q059,G,Things in a toolbox,2,Gaskets,gaskets,1,0,1,Q059::2
part3_selfplay_outputs/self_obscure_20_llama_Player_2_Obscure.csv,self_obscure_20_llama_Player_2_Obscure,Q059,G,Things in a toolbox,3,Glass mat cutter,glass mat cutter,0,0,0,Q059::3
part3_selfplay_outputs/self_obscure_20_llama_Player_2_Obscure.csv,self_obscure_20_llama_Player_2_Obscure,Q059,G,Things in a toolbox,4,Geoglide,geoglide,0,0,0,Q059::4
part3_selfplay_outputs/self_obscure_20_llama_Player_2_Obscure.csv,self_obscure_20_llama_Player_2_Obscure,Q060,H,Countries,0,Haiti,haiti,1,1,0,Q060::0
part3_selfplay_outputs/self_obscure_20_llama_Player_2_Obscure.csv,self_obscure_20_llama_Player_2_Obscure,Q060,H,Countries,1,Haiti,haiti,1,1,0,Q060::1
part3_selfplay_outputs/self_obscure_20_llama_Player_2_Obscure.csv,self_obscure_20_llama_Player_2_Obscure,Q060,H,Countries,2,Haiti,haiti,1,1,0,Q060::2
part3_selfplay_outputs/self_obscure_20_llama_Player_2_Obscure.csv,self_obscure_20_llama_Player_2_Obscure,Q060,H,Countries,3,Hungaria,hungaria,0,0,0,Q060::3
part3_selfplay_outputs/self_obscure_20_llama_Player_2_Obscure.csv,self_obscure_20_llama_Player_2_Obscure,Q060,H,Countries,4,Hungaria,hungaria,0,0,0,Q060::4
part3_selfplay_outputs/self_obscure_20_llama_Player_2_Obscure.csv,self_obscure_20_llama_Player_2_Obscure,Q061,I,Musical artists,0,Idris Muhammad,idris muhammad,1,0,1,Q061::0
part3_selfplay_outputs/self_obscure_20_llama_Player_2_Obscure.csv,self_obscure_20_llama_Player_2_Obscure,Q061,I,Musical artists,1,Ira Newborn,ira newborn,0,0,0,Q061::1
part3_selfplay_outputs/self_obscure_20_llama_Player_2_Obscure.csv,self_obscure_20_llama_Player_2_Obscure,Q061,I,Musical artists,2,Iain Ballamy,iain ballamy,0,0,0,Q061::2
part3_selfplay_outputs/self_obscure_20_llama_Player_2_Obscure.csv,self_obscure_20_llama_Player_2_Obscure,Q061,I,Musical artists,3,Ivor Cutler,ivor cutler,1,0,1,Q061::3
part3_selfplay_outputs/self_obscure_20_llama_Player_2_Obscure.csv,self_obscure_20_llama_Player_2_Obscure,Q061,I,Musical artists,4,Igorr Catherwood,igorr catherwood,0,0,0,Q061::4
part3_selfplay_outputs/self_obscure_20_llama_Player_2_Obscure.csv,self_obscure_20_llama_Player_2_Obscure,Q062,J,Things in a refrigerator,0,Jerky,jerky,1,1,0,Q062::0
part3_selfplay_outputs/self_obscure_20_llama_Player_2_Obscure.csv,self_obscure_20_llama_Player_2_Obscure,Q062,J,Things in a refrigerator,1,Jalapeño Jelly,jalapeño jelly,1,0,1,Q062::1
part3_selfplay_outputs/self_obscure_20_llama_Player_2_Obscure.csv,self_obscure_20_llama_Player_2_Obscure,Q062,J,Things in a refrigerator,2,Jícima,jícima,0,0,0,Q062::2
part3_selfplay_outputs/self_obscure_20_llama_Player_2_Obscure.csv,self_obscure_20_llama_Player_2_Obscure,Q062,J,Things in a refrigerator,3,Jerky,jerky,1,1,0,Q062::3
part3_selfplay_outputs/self_obscure_20_llama_Player_2_Obscure.csv,self_obscure_20_llama_Player_2_Obscure,Q062,J,Things in a refrigerator,4,Juniper berry,juniper berry,0,0,0,Q062::4
part3_selfplay_outputs/self_obscure_20_llama_Player_2_Obscure.csv,self_obscure_20_llama_Player_2_Obscure,Q063,K,Cities,0,Kayserburg,kayserburg,0,0,0,Q063::0
part3_selfplay_outputs/self_obscure_20_llama_Player_2_Obscure.csv,self_obscure_20_llama_Player_2_Obscure,Q063,K,Cities,1,Kalgoorlie,kalgoorlie,1,0,1,Q063::1
part3_selfplay_outputs/self_obscure_20_llama_Player_2_Obscure.csv,self_obscure_20_llama_Player_2_Obscure,Q063,K,Cities,2,Khorramshahr,khorramshahr,1,0,1,Q063::2
part3_selfplay_outputs/self_obscure_20_llama_Player_2_Obscure.csv,self_obscure_20_llama_Player_2_Obscure,Q063,K,Cities,3,Khatyzuri,khatyzuri,0,0,0,Q063::3
part3_selfplay_outputs/self_obscure_20_llama_Player_2_Obscure.csv,self_obscure_20_llama_Player_2_Obscure,Q063,K,Cities,4,Kayseri,kayseri,1,0,1,Q063::4
part3_selfplay_outputs/self_obscure_20_llama_Player_2_Obscure.csv,self_obscure_20_llama_Player_2_Obscure,Q064,L,Things in a library,0,Literature criticism journals,literature criticism journals,1,0,1,Q064::0
part3_selfplay_outputs/self_obscure_20_llama_Player_2_Obscure.csv,self_obscure_20_llama_Player_2_Obscure,Q064,L,Things in a library,1,Laxus Manuscriptorum,laxus manuscriptorum,0,0,0,Q064::1
part3_selfplay_outputs/self_obscure_20_llama_Player_2_Obscure.csv,self_obscure_20_llama_Player_2_Obscure,Q064,L,Things in a library,2,Luminescent fungi collection,luminescent fungi collection,0,0,0,Q064::2
part3_selfplay_outputs/self_obscure_20_llama_Player_2_Obscure.csv,self_obscure_20_llama_Player_2_Obscure,Q064,L,Things in a library,3,Libellarium,libellarium,0,0,0,Q064::3
part3_selfplay_outputs/self_obscure_20_llama_Player_2_Obscure.csv,self_obscure_20_llama_Player_2_Obscure,Q064,L,Things in a library,4,Lombardic alphabet,lombardic alphabet,0,0,0,Q064::4
